cluster_1,,Other,Other,Other,Other,basal,basal,basal,basal,fibroblasts,fibroblasts,fibroblasts,fibroblasts,luminal,luminal,luminal,luminal
cluster_2,,Other,basal,fibroblasts,luminal,Other,basal,fibroblasts,luminal,Other,basal,fibroblasts,luminal,Other,basal,fibroblasts,luminal
source,target,,,,,,,,,,,,,,,,
RGS2,TRPV6,,,,0.0,,,,,,,,,,,,
IGF1,NTRK2,,,,,,,,,,,0.0,,,,,
EGF,NTRK2,,,,,,,,,,,,,,,0.0,
NGF,NTRK2,,,,,,,,,,,0.0,,,,,
CSF1,NTRK2,,,,,,,,,,,0.0,,,,,
HGF,NTRK2,,,,,,,0.0,,,,0.0,,,,,
AREG,NTRK2,,,,,,,,,,,,,,,,
PDGFA,NTRK2,,,,,,,0.0,,,,,,,,,
PDGFB,NTRK2,,,0.0,,,,,,,,,,,,,
ANGPT2,NTRK2,,,0.0,,,,,,,,0.0,,,,,
ANGPT1,NTRK2,,,,,,,0.0,,,,0.0,,,,,
ANGPT4,NTRK2,,,,,,,,,,,0.0,,,,,
BDNF,NTRK2,,,,,,,,,,,0.0,,,,,
EREG,NTRK2,,,,,,,,,,,,,,,,
VEGFD,NTRK2,,,,,,,,,,,0.0,,,,,
FGF5,NTRK2,,,,,,,,,,,,,,,,
FGF23,NTRK2,,,,,,,,,,,,,,,,
PGF,NTRK2,,,,,,,0.0,,,,0.0,,,,,
BDNF,GRIN2A,,,,,,,,,,,0.0,,,,,
ANXA1,GRIN2A,,,,,,,0.0,,,,0.0,,,,,
IFNG,GRIA1,,,0.0,,,,,,,,,,,,,
BDNF,GRIA1,,,,,,,,,,,0.0,,,,,
NTS,GRIA1,,,,,,,,,,,,,,,,
LGALS9,PTPRC,0.0,,,,,,,,0.0,,,,,,,
LGALS1,PTPRC,,,,,,,,,0.0,,,,,,,
NID1,PTPRF,,,,,,,,,,0.0,,0.0,,,,
CD80,CTLA4,,,,,,,,,,,,,,,,
CD8A,LAT,,,,,,,,,,,,,,,,
TLN1,ITGB1,0.0,0.0,0.0,,1.0,0.0,0.9670743243243244,,,,,,,,,
CSF2,ITGB1,0.0,0.0,0.0,,,,,,1.0,0.0,0.0,,,,,
HGF,ITGB1,,,,,0.6733125000000001,0.0,0.0,,0.0,0.0,0.0,,,,,
ANGPT1,ITGB1,,,,,0.0,0.0,0.0,,0.0,0.0,0.0,,,,,
MDK,ITGB1,,,,,,,,,0.0,0.0,0.0,,,,,
FLT4,ITGB1,0.0,0.0,0.0,,,,,,,,,,,,,
CXCL12,ITGB1,0.5297023255813954,0.0,0.0,,,,,,0.0,0.0,0.0,,,,,
VEGFD,ITGB1,,,,,,,,,0.0,0.0,0.0,,,,,
RELN,ITGB1,0.0,0.0,0.0,,,,,,,,,,,,,
VTN,ITGB1,,,,,,,,,0.0,0.0,0.0,,,,,
SEMA7A,ITGB1,0.0,0.0,0.0,,,,,,,,,,,,,
THBS1,ITGB1,,,,,0.0,0.0,0.0,,0.0,0.0,0.0,,,,,
THBS2,ITGB1,,,,,,,,,0.0,0.0,0.0,,,,,
VWF,ITGB1,0.0,0.0,0.0,,,,,,,,,,,,,
VCAM1,ITGB1,0.0,0.0,0.0,,,,,,0.0,0.0,0.0,,,,,
VCAN,ITGB1,,,,,,,,,0.0,0.0,0.0,,,,,
LGALS1,ITGB1,,,,,,,,,0.0,0.0,0.0,,,,,
LAMB1,ITGB1,,,,,1.0,0.0,0.0,,0.0,0.0,0.0,,,,,
LAMA4,ITGB1,1.0,0.0,0.0,,,,,,0.0,0.0,0.0,,,,,
LAMC2,ITGB1,,,,,0.0,0.0,0.0,,,,,,,,,
NID1,ITGB1,,,,,,,,,0.0,0.0,0.0,,,,,
TNC,ITGB1,,,,,,,,,,,,,,,,
LUM,ITGB1,,,,,,,,,0.0,0.0,0.0,,,,,
TFF2,ITGB1,,,,,,,,,,,,,,,,
TFF1,ITGB1,,,,,,,,,,,,,,,,
COL6A3,ITGB1,,,,,,,,,0.0,0.0,0.0,,,,,
LAMA3,ITGB1,,,,,0.0,0.0,0.0,,,,,,,,,
FBLN1,ITGB1,,,,,,,,,0.0,0.0,0.0,,,,,
ICAM4,ITGB1,,,,,,,,,,,,,,,,
LAMC3,ITGB1,,,,,,,,,0.0,0.0,0.0,,,,,
SPP1,ITGB1,,,,,,,,,,,,,,,,
LAMA2,ITGB1,,,,,,,,,0.0,0.0,0.0,,,,,
CHAD,ITGB1,0.0,0.0,0.0,,,,,,,,,,1.0,0.0,0.0,
SPON2,ITGB1,,,,,0.0,0.0,0.0,,0.0,0.0,0.0,,,,,
COL6A6,ITGB1,,,,,,,,,0.0,0.0,0.0,,,,,
THBS4,ITGB1,,,,,,,,,0.0,0.0,0.0,,,,,
WISP1,ITGB1,,,,,,,,,0.0,0.0,0.0,,,,,
CSF3,PLAUR,,,,,,,,,,,,,,,,
IL1B,PLAUR,,,,,,,,,,,,,,,,
KNG1,PLAUR,,,,,,,,,,,,,,,,
VTN,PLAUR,,,,,,,,,,0.0,,,,,,
IGLC1,FCGR2B,,,,,,,,,,,,,,,,
CD80,CD3E,,,,,,,,,,,,,,,,
IL12B,CD3E,,,,,,,,,,,,,,,,
IGF1,APP,,,,,,,,,0.0,0.0,0.0,,,,,
CD40LG,APP,1.0,0.0,0.0,,,,,,,,,,,,,
IAPP,APP,,,,,1.0,0.0,0.0,,1.0,0.0,0.0,,1.0,0.0,0.0,
IL18,APP,,,,,1.0,0.0,0.0,,1.0,0.0,0.0,,1.0,0.0,0.0,
APOE,APP,,,,,0.0,0.0,0.0,,0.0,0.0,0.0,,,,,
SPON1,APP,,,,,,,,,0.0,0.0,0.0,,,,,
KDR,PECAM1,0.0,,,,,,,,,,,,,,,
IGF1,PDGFRB,,,,,,,,,,,0.0,,,,,
KIT,PDGFRB,,,,,,,,,,,,,,,,
EGF,PDGFRB,,,,,,,,,,,,,,,0.0,
NGF,PDGFRB,,,,,,,,,,,0.0,,,,,
CSF1,PDGFRB,,,,,,,,,,,0.0,,,,,
HGF,PDGFRB,,,,,,,0.0,,,,0.0,,,,,
AREG,PDGFRB,,,,,,,,,,,,,,,,
PDGFA,PDGFRB,,,,,,,0.0,,,,,,,,,
PDGFB,PDGFRB,,,0.0,,,,,,,,,,,,,
ANGPT2,PDGFRB,,,0.0,,,,,,,,0.0,,,,,
ANGPT1,PDGFRB,,,,,,,0.0,,,,0.0,,,,,
ANGPT4,PDGFRB,,,,,,,,,,,0.0,,,,,
BDNF,PDGFRB,,,,,,,,,,,0.0,,,,,
EREG,PDGFRB,,,,,,,,,,,,,,,,
VEGFD,PDGFRB,,,,,,,,,,,0.0,,,,,
FGF5,PDGFRB,,,,,,,,,,,,,,,,
FGF23,PDGFRB,,,,,,,,,,,,,,,,
PGF,PDGFRB,,,,,,,0.0,,,,0.0,,,,,
MFGE8,PDGFRB,,,,,,,0.0,,,,0.0,,,,,
CD80,CD28,,,,,,,,,,,,,,,,
IL2,CD28,0.0,,,,,,,,,,,,,,,
IL12A,CD28,,,,,,,,,0.0,,,,,,,
CD8A,CD28,,,,,,,,,,,,,,,,
CD80,CD3G,,,,,,,,,,,,,,,,
GZMA,F2R,0.0,,,,,,,,,,,,,,,
PRSS2,F2R,,,,,,,,,,,,,,,,
IGF1,KIT,,,,,,,,,,,,,,,,
EGF,KIT,,,,,,,,,,,,,,,,
NGF,KIT,,,,,,,,,,,,,,,,
CSF1,KIT,,,,,,,,,,,,,,,,
HGF,KIT,,,,,,,,,,,,,,,,
AREG,KIT,,,,,,,,,,,,,,,,
PDGFA,KIT,,,,,,,,,,,,,,,,
PDGFB,KIT,,,,,,,,,,,,,,,,
ANGPT2,KIT,,,,,,,,,,,,,,,,
ANGPT1,KIT,,,,,,,,,,,,,,,,
ANGPT4,KIT,,,,,,,,,,,,,,,,
BDNF,KIT,,,,,,,,,,,,,,,,
EREG,KIT,,,,,,,,,,,,,,,,
VEGFD,KIT,,,,,,,,,,,,,,,,
FGF5,KIT,,,,,,,,,,,,,,,,
FGF23,KIT,,,,,,,,,,,,,,,,
PGF,KIT,,,,,,,,,,,,,,,,
SAA1,CD36,,,,,,,,,,,,,,,,
THBS1,CD36,,,,,0.0,,,,0.0,,,,,,,
THBS2,CD36,,,,,,,,,0.0,,,,,,,
S100A8,CD36,,,,,,,,,,,,,,,,
S100A9,CD36,,,,,,,,,,,,,,,,
THBS4,CD36,,,,,,,,,0.0,,,,,,,
KIT,CSF2RB,,,,,,,,,,,,,,,,
CSF3,CSF2RB,,,,,,,,,,,,,,,,
CSF2,CSF2RB,,,,,,,,,,,,,,,,
IL5,CSF2RB,,,,,,,,,,,,,,,,
KDR,CSF2RB,,,,,,,,,,,,,,,,
TSLP,IL7R,0.0,,,,,,,,0.0,,,,0.798,,,
IL7,IL7R,,,,,0.0,,,,0.0,,,,,,,
IL6,IL2RB,1.0,,,,,,,,0.0,,,,,,,
IL2,IL2RB,0.0,,,,,,,,,,,,,,,
IL1RN,IL2RB,,,,,,,,,,,,,,,,
CD8A,IL2RB,,,,,,,,,,,,,,,,
IGF1,KDR,,,,,,,,,0.0,,,,,,,
IL6,KDR,0.007399038461538462,,,,,,,,0.0,,,,,,,
EGF,KDR,,,,,,,,,,,,,0.0,,,
NGF,KDR,,,,,,,,,0.0,,,,,,,
CSF1,KDR,,,,,,,,,0.0,,,,,,,
HGF,KDR,,,,,0.0,,,,0.0,,,,,,,
AREG,KDR,,,,,,,,,,,,,,,,
PDGFA,KDR,,,,,0.0,,,,,,,,,,,
PDGFB,KDR,0.0,,,,,,,,,,,,,,,
ANGPT2,KDR,0.0,,,,,,,,0.0,,,,,,,
ANGPT1,KDR,,,,,0.0,,,,0.0,,,,,,,
ANGPT4,KDR,,,,,,,,,0.0,,,,,,,
FLT4,KDR,0.0,,,,,,,,,,,,,,,
BDNF,KDR,,,,,,,,,0.0,,,,,,,
EREG,KDR,,,,,,,,,,,,,,,,
VEGFD,KDR,,,,,,,,,0.0,,,,,,,
PTHLH,KDR,0.0,,,,0.0,,,,0.0,,,,,,,
VTN,KDR,,,,,,,,,0.0,,,,,,,
FGF5,KDR,,,,,,,,,,,,,,,,
FGF23,KDR,,,,,,,,,,,,,,,,
PGF,KDR,,,,,0.0,,,,0.0,,,,,,,
GREM1,KDR,,,,,,,,,,,,,,,,
NRP1,KDR,0.0,,,,,,,,0.0,,,,,,,
MDK,PTPRZ1,,,,,,,,,,,,0.0,,,,
PTN,PTPRZ1,,,,,,,,,,,,0.0,,,,
L1CAM,PTPRZ1,,,,0.0,,,,,,,,,,,,1.0
TNC,PTPRZ1,,,,,,,,,,,,,,,,
HGF,CD44,,,,,,,0.0,,,,0.0,,,,,
TNF,CD44,,,0.0,,,,,,,,,,,,,
HBEGF,CD44,,,,,,,0.0,,,,,,,,,
LGALS9,CD44,,,0.0,,,,,,,,0.0,,,,,
VCAN,CD44,,,,,,,,,,,0.0,,,,,
LAMB1,CD44,,,,,,,0.0,,,,0.0,,,,,
LAMA4,CD44,,,0.0,,,,,,,,0.0,,,,,
LAMC2,CD44,,,,,,,0.0,,,,,,,,,
COL6A3,CD44,,,,,,,,,,,0.0,,,,,
LAMA3,CD44,,,,,,,0.0,,,,,,,,,
LAMC3,CD44,,,,,,,,,,,0.0,,,,,
SPP1,CD44,,,,,,,,,,,,,,,,
LAMA2,CD44,,,,,,,,,,,0.0,,,,,
PRG4,CD44,,,,,,,,,,,0.0,,,,,
COL6A5,CD44,,,,,,,,,,,0.0,,,,,
COL6A6,CD44,,,,,,,,,,,0.0,,,,,
RELN,ITGB6,,0.0,,,,,,,,,,,,,,
VTN,ITGB6,,,,,,,,,,0.0,,,,,,
THBS1,ITGB6,,,,,,0.0,,,,0.0,,,,,,
THBS2,ITGB6,,,,,,,,,,0.0,,,,,,
VWF,ITGB6,,0.0,,,,,,,,,,,,,,
LAMB1,ITGB6,,,,,,0.0,,,,0.0,,,,,,
LAMA4,ITGB6,,0.0,,,,,,,,0.0,,,,,,
LAMC2,ITGB6,,,,,,0.0,,,,,,,,,,
TNC,ITGB6,,,,,,,,,,,,,,,,
COL6A3,ITGB6,,,,,,,,,,0.0,,,,,,
LAMA3,ITGB6,,,,,,0.0,,,,,,,,,,
LAMC3,ITGB6,,,,,,,,,,0.0,,,,,,
SPP1,ITGB6,,,,,,,,,,,,,,,,
LAMA2,ITGB6,,,,,,,,,,0.0,,,,,,
CHAD,ITGB6,,0.0,,,,,,,,,,,,0.0,,
COL6A6,ITGB6,,,,,,,,,,0.0,,,,,,
THBS4,ITGB6,,,,,,,,,,0.0,,,,,,
IGF1,EPHB1,,,,,,,,,0.0,0.0,,,,,,
EGF,EPHB1,,,,,,,,,,,,,0.0,0.0,,
NGF,EPHB1,,,,,,,,,0.0,0.0,,,,,,
CSF1,EPHB1,,,,,,,,,0.0,0.0,,,,,,
HGF,EPHB1,,,,,1.0,0.0,,,0.0,0.0,,,,,,
AREG,EPHB1,,,,,,,,,,,,,,,,
PDGFA,EPHB1,,,,,0.0,0.0,,,,,,,,,,
PDGFB,EPHB1,0.0,0.0,,,,,,,,,,,,,,
EFNB3,EPHB1,,,,,,,,,,,,,,,,
ANGPT2,EPHB1,0.0,0.0,,,,,,,0.20362153846153846,0.0,,,,,,
ANGPT1,EPHB1,,,,,0.0,0.0,,,0.0,0.0,,,,,,
ANGPT4,EPHB1,,,,,,,,,0.0,0.0,,,,,,
BDNF,EPHB1,,,,,,,,,0.0,0.0,,,,,,
EREG,EPHB1,,,,,,,,,,,,,,,,
VEGFD,EPHB1,,,,,,,,,0.0,0.0,,,,,,
FGF5,EPHB1,,,,,,,,,,,,,,,,
FGF23,EPHB1,,,,,,,,,,,,,,,,
PGF,EPHB1,,,,,1.0,0.0,,,0.0,0.0,,,,,,
IGF1,EPHA2,,,,,,,,,,0.0,,,,,,
EGF,EPHA2,,,,,,,,,,,,,,0.0,,
NGF,EPHA2,,,,,,,,,,0.0,,,,,,
CSF1,EPHA2,,,,,,,,,,0.0,,,,,,
HGF,EPHA2,,,,,,0.0,,,,0.0,,,,,,
TNF,EPHA2,,0.0,,,,,,,,,,,,,,
AREG,EPHA2,,,,,,,,,,,,,,,,
PDGFA,EPHA2,,,,,,0.0,,,,,,,,,,
PDGFB,EPHA2,,0.0,,,,,,,,,,,,,,
ANGPT2,EPHA2,,0.0,,,,,,,,0.0,,,,,,
ANGPT1,EPHA2,,,,,,0.0,,,,0.0,,,,,,
ANGPT4,EPHA2,,,,,,,,,,0.0,,,,,,
BDNF,EPHA2,,,,,,,,,,0.0,,,,,,
EREG,EPHA2,,,,,,,,,,,,,,,,
VEGFD,EPHA2,,,,,,,,,,0.0,,,,,,
FGF5,EPHA2,,,,,,,,,,,,,,,,
FGF23,EPHA2,,,,,,,,,,,,,,,,
PGF,EPHA2,,,,,,0.0,,,,0.0,,,,,,
TLN1,ITGB5,,0.0,0.0,,,1.0,0.0,,,,,,,,,
RELN,ITGB5,,0.0,0.0,,,,,,,,,,,,,
VTN,ITGB5,,,,,,,,,,0.0,0.0,,,,,
THBS1,ITGB5,,,,,,0.0,0.0,,,0.0,0.0,,,,,
THBS2,ITGB5,,,,,,,,,,0.0,0.0,,,,,
VWF,ITGB5,,0.0,0.0,,,,,,,,,,,,,
LAMB1,ITGB5,,,,,,1.0,0.0,,,0.0,0.0,,,,,
LAMA4,ITGB5,,1.0,0.0,,,,,,,0.0,0.0,,,,,
LAMC2,ITGB5,,,,,,0.0,0.0,,,,,,,,,
TNC,ITGB5,,,,,,,,,,,,,,,,
COL6A3,ITGB5,,,,,,,,,,0.0,0.0,,,,,
LAMA3,ITGB5,,,,,,0.0,0.0,,,,,,,,,
LAMC3,ITGB5,,,,,,,,,,0.0,0.0,,,,,
SPP1,ITGB5,,,,,,,,,,,,,,,,
CYR61,ITGB5,,,,,,0.0,0.0,,,0.0,0.0,,,,,
LAMA2,ITGB5,,,,,,,,,,0.0,0.0,,,,,
EDIL3,ITGB5,,0.0623918918918919,0.0,,,,,,,,,,,,,
CHAD,ITGB5,,0.021375,0.0,,,,,,,,,,,1.0,0.0,
COL6A6,ITGB5,,,,,,,,,,0.0,0.0,,,,,
THBS4,ITGB5,,,,,,,,,,0.0,0.0,,,,,
IGF1,FGFR1,,,,,,,,,,0.0,0.0,,,,,
EGF,FGFR1,,,,,,,,,,,,,,0.0,0.0,
NGF,FGFR1,,,,,,,,,,0.0,0.0,,,,,
CSF1,FGFR1,,,,,,,,,,0.0,0.0,,,,,
HGF,FGFR1,,,,,,1.0,0.0,,,0.0,0.0,,,,,
AREG,FGFR1,,,,,,,,,,,,,,,,
PDGFA,FGFR1,,,,,,0.0,0.0,,,,,,,,,
PDGFB,FGFR1,,0.0,0.0,,,,,,,,,,,,,
ANGPT2,FGFR1,,1.0,0.0,,,,,,,1.0,0.0,,,,,
ANGPT1,FGFR1,,,,,,0.10125,0.0,,,0.0,0.0,,,,,
ANGPT4,FGFR1,,,,,,,,,,0.0,0.0,,,,,
BDNF,FGFR1,,,,,,,,,,0.035957943925233646,0.0,,,,,
EREG,FGFR1,,,,,,,,,,,,,,,,
VEGFD,FGFR1,,,,,,,,,,0.0,0.0,,,,,
FGF5,FGFR1,,,,,,,,,,,,,,,,
FGF23,FGFR1,,,,,,,,,,,,,,,,
PGF,FGFR1,,,,,,1.0,0.0,,,0.0,0.0,,,,,
IGF1,FGFR4,,,,,,,,,,,0.0,,,,,
EGF,FGFR4,,,,,,,,,,,,,,,0.0,
NGF,FGFR4,,,,,,,,,,,0.0,,,,,
CSF1,FGFR4,,,,,,,,,,,0.0,,,,,
HGF,FGFR4,,,,,,,0.0,,,,0.0,,,,,
AREG,FGFR4,,,,,,,,,,,,,,,,
PDGFA,FGFR4,,,,,,,0.0,,,,,,,,,
PDGFB,FGFR4,,,0.0,,,,,,,,,,,,,
ANGPT2,FGFR4,,,0.0,,,,,,,,0.0,,,,,
ANGPT1,FGFR4,,,,,,,0.0,,,,0.0,,,,,
ANGPT4,FGFR4,,,,,,,,,,,0.0,,,,,
BDNF,FGFR4,,,,,,,,,,,0.0,,,,,
EREG,FGFR4,,,,,,,,,,,,,,,,
VEGFD,FGFR4,,,,,,,,,,,0.0,,,,,
FGF5,FGFR4,,,,,,,,,,,,,,,,
FGF23,FGFR4,,,,,,,,,,,,,,,,
PGF,FGFR4,,,,,,,0.0,,,,0.0,,,,,
PDGFA,FURIN,,,,,0.0,,,,,,,,,,,
IGF1,FLT4,,,,,,,,,0.0,,,,,,,
EGF,FLT4,,,,,,,,,,,,,0.0,,,
NGF,FLT4,,,,,,,,,0.0,,,,,,,
CSF1,FLT4,,,,,,,,,0.0,,,,,,,
HGF,FLT4,,,,,0.0,,,,0.0,,,,,,,
TNF,FLT4,0.0,,,,,,,,,,,,,,,
AREG,FLT4,,,,,,,,,,,,,,,,
PDGFA,FLT4,,,,,0.0,,,,,,,,,,,
PDGFB,FLT4,0.0,,,,,,,,,,,,,,,
ANGPT2,FLT4,0.0,,,,,,,,0.0,,,,,,,
ANGPT1,FLT4,,,,,0.0,,,,0.0,,,,,,,
ANGPT4,FLT4,,,,,,,,,0.0,,,,,,,
KDR,FLT4,0.0,,,,,,,,,,,,,,,
BDNF,FLT4,,,,,,,,,0.0,,,,,,,
EREG,FLT4,,,,,,,,,,,,,,,,
VEGFD,FLT4,,,,,,,,,0.0,,,,,,,
VTN,FLT4,,,,,,,,,0.0,,,,,,,
FGF5,FLT4,,,,,,,,,,,,,,,,
FGF23,FLT4,,,,,,,,,,,,,,,,
PGF,FLT4,,,,,0.0,,,,0.0,,,,,,,
IL6,NOTCH3,,,0.0,,,,,,,,0.0,,,,,
DLL4,NOTCH3,,,0.0,,,,,,,,,,,,,
THBS2,NOTCH3,,,,,,,,,,,0.0,,,,,
DLK1,NOTCH3,,,,,,,,,,,,,,,,
SCGB3A1,NOTCH3,,,,,,,,,,,,,,,,
IGF1,TIE1,,,,,,,,,0.0,,,,,,,
EGF,TIE1,,,,,,,,,,,,,0.0,,,
NGF,TIE1,,,,,,,,,0.0,,,,,,,
CSF1,TIE1,,,,,,,,,0.0,,,,,,,
HGF,TIE1,,,,,0.0,,,,0.0,,,,,,,
AREG,TIE1,,,,,,,,,,,,,,,,
PDGFA,TIE1,,,,,0.0,,,,,,,,,,,
PDGFB,TIE1,0.0,,,,,,,,,,,,,,,
ANGPT2,TIE1,0.0,,,,,,,,0.0,,,,,,,
ANGPT1,TIE1,,,,,0.0,,,,0.0,,,,,,,
ANGPT4,TIE1,,,,,,,,,0.0,,,,,,,
BDNF,TIE1,,,,,,,,,0.0,,,,,,,
EREG,TIE1,,,,,,,,,,,,,,,,
VEGFD,TIE1,,,,,,,,,0.0,,,,,,,
FGF5,TIE1,,,,,,,,,,,,,,,,
FGF23,TIE1,,,,,,,,,,,,,,,,
PGF,TIE1,,,,,0.0,,,,0.0,,,,,,,
ANGPTL4,TIE1,0.0,,,,0.0,,,,0.0,,,,,,,
IGF1,AXL,,,,,,,,,,0.0,0.0,,,,,
EGF,AXL,,,,,,,,,,,,,,0.0,0.0,
NGF,AXL,,,,,,,,,,0.0,0.0,,,,,
CSF1,AXL,,,,,,,,,,0.0,0.0,,,,,
HGF,AXL,,,,,,1.0,0.0,,,0.0,0.0,,,,,
AREG,AXL,,,,,,,,,,,,,,,,
PDGFA,AXL,,,,,,0.0,0.0,,,,,,,,,
PDGFB,AXL,,0.04216438356164384,0.0,,,,,,,,,,,,,
ANGPT2,AXL,,1.0,0.0,,,,,,,1.0,0.0,,,,,
ANGPT1,AXL,,,,,,0.2367692307692308,0.0,,,0.0,0.0,,,,,
ANGPT4,AXL,,,,,,,,,,0.0,0.0,,,,,
GAS6,AXL,,1.0,0.0,,,0.0,0.0,,,0.6141880733944954,0.0,,,,,
BDNF,AXL,,,,,,,,,,0.15602764976958525,0.0,,,,,
EREG,AXL,,,,,,,,,,,,,,,,
VEGFD,AXL,,,,,,,,,,0.0,0.0,,,,,
FGF5,AXL,,,,,,,,,,,,,,,,
FGF23,AXL,,,,,,,,,,,,,,,,
PGF,AXL,,,,,,1.0,0.0,,,0.0,0.0,,,,,
IGF1,EPHA7,,,,,,,,,,0.0,0.0,,,,,
WNT5A,EPHA7,,,,,,,,,,0.0,0.0,,,,,
EGF,EPHA7,,,,,,,,,,,,,,0.0,0.0,
NGF,EPHA7,,,,,,,,,,0.0,0.0,,,,,
CSF1,EPHA7,,,,,,,,,,0.0,0.0,,,,,
HGF,EPHA7,,,,,,0.061560000000000004,0.011152173913043479,,,0.0,0.0,,,,,
AREG,EPHA7,,,,,,,,,,,,,,,,
PDGFA,EPHA7,,,,,,0.0,0.0,,,,,,,,,
PDGFB,EPHA7,,0.0,0.0,,,,,,,,,,,,,
ANGPT2,EPHA7,,0.0,0.0,,,,,,,0.0,0.0,,,,,
ANGPT1,EPHA7,,,,,,0.0,0.0,,,0.0,0.0,,,,,
ANGPT4,EPHA7,,,,,,,,,,0.0,0.0,,,,,
BDNF,EPHA7,,,,,,,,,,0.0,0.0,,,,,
AFDN,EPHA7,,0.0,0.0,,,0.0,0.0,,,,,,,0.0,0.0,
EREG,EPHA7,,,,,,,,,,,,,,,,
VEGFD,EPHA7,,,,,,,,,,0.0,0.0,,,,,
FGF5,EPHA7,,,,,,,,,,,,,,,,
FGF23,EPHA7,,,,,,,,,,,,,,,,
PGF,EPHA7,,,,,,0.02108219178082192,0.0,,,0.0,0.0,,,,,
IGF1,EPHA5,,,,,,,,,,0.0,0.0,,,,,
EGF,EPHA5,,,,,,,,,,,,,,0.0,0.0,
NGF,EPHA5,,,,,,,,,,0.0,0.0,,,,,
CSF1,EPHA5,,,,,,,,,,0.0,0.0,,,,,
HGF,EPHA5,,,,,,1.0,1.0,,,0.0,0.0,,,,,
AREG,EPHA5,,,,,,,,,,,,,,,,
PDGFA,EPHA5,,,,,,0.0,0.0,,,,,,,,,
PDGFB,EPHA5,,0.0,0.0,,,,,,,,,,,,,
ANGPT2,EPHA5,,0.0,0.0,,,,,,,0.8222054794520549,0.15004178272980503,,,,,
ANGPT1,EPHA5,,,,,,0.0,0.0,,,0.0,0.0,,,,,
ANGPT4,EPHA5,,,,,,,,,,0.0,0.0,,,,,
BDNF,EPHA5,,,,,,,,,,0.0,0.0,,,,,
EREG,EPHA5,,,,,,,,,,,,,,,,
VEGFD,EPHA5,,,,,,,,,,0.0,0.0,,,,,
FGF5,EPHA5,,,,,,,,,,,,,,,,
FGF23,EPHA5,,,,,,,,,,,,,,,,
PGF,EPHA5,,,,,,1.0,0.5375958904109589,,,0.0,0.0,,,,,
IGF1,INSRR,,,,,,,,,,,0.0,,,,,
EGF,INSRR,,,,,,,,,,,,,,,0.0,
NGF,INSRR,,,,,,,,,,,0.0,,,,,
CSF1,INSRR,,,,,,,,,,,0.0,,,,,
HGF,INSRR,,,,,,,0.16143356643356643,,,,0.0,,,,,
AREG,INSRR,,,,,,,,,,,,,,,,
PDGFA,INSRR,,,,,,,0.0,,,,,,,,,
PDGFB,INSRR,,,0.0,,,,,,,,,,,,,
ANGPT2,INSRR,,,0.0,,,,,,,,0.004298882681564246,,,,,
ANGPT1,INSRR,,,,,,,0.0,,,,0.0,,,,,
ANGPT4,INSRR,,,,,,,,,,,0.0,,,,,
BDNF,INSRR,,,,,,,,,,,0.0,,,,,
EREG,INSRR,,,,,,,,,,,,,,,,
VEGFD,INSRR,,,,,,,,,,,0.0,,,,,
FGF5,INSRR,,,,,,,,,,,,,,,,
FGF23,INSRR,,,,,,,,,,,,,,,,
PGF,INSRR,,,,,,,0.07640425531914895,,,,0.0,,,,,
IGF1,PDGFRA,,,,,,,,,,,0.0,,,,,
EGF,PDGFRA,,,,,,,,,,,,,,,0.0,
NGF,PDGFRA,,,,,,,,,,,0.0,,,,,
CSF1,PDGFRA,,,,,,,,,,,0.0,,,,,
HGF,PDGFRA,,,,,,,0.0,,,,0.0,,,,,
AREG,PDGFRA,,,,,,,,,,,,,,,,
PDGFA,PDGFRA,,,,,,,0.0,,,,,,,,,
PDGFB,PDGFRA,,,0.0,,,,,,,,,,,,,
ANGPT2,PDGFRA,,,0.0,,,,,,,,0.0,,,,,
ANGPT1,PDGFRA,,,,,,,0.0,,,,0.0,,,,,
ANGPT4,PDGFRA,,,,,,,,,,,0.0,,,,,
BDNF,PDGFRA,,,,,,,,,,,0.0,,,,,
EREG,PDGFRA,,,,,,,,,,,,,,,,
VEGFD,PDGFRA,,,,,,,,,,,0.0,,,,,
FGF5,PDGFRA,,,,,,,,,,,,,,,,
FGF23,PDGFRA,,,,,,,,,,,,,,,,
PGF,PDGFRA,,,,,,,0.0,,,,0.0,,,,,
IGF1,CSF1R,,,,,,,,,0.0,,,,,,,
EGF,CSF1R,,,,,,,,,,,,,0.0,,,
NGF,CSF1R,,,,,,,,,0.0,,,,,,,
CSF1,CSF1R,,,,,,,,,0.0,,,,,,,
CSF3,CSF1R,,,,,,,,,,,,,,,,
CSF2,CSF1R,0.0,,,,,,,,0.0,,,,,,,
HGF,CSF1R,,,,,0.0,,,,0.0,,,,,,,
AREG,CSF1R,,,,,,,,,,,,,,,,
PDGFA,CSF1R,,,,,0.0,,,,,,,,,,,
PDGFB,CSF1R,0.0,,,,,,,,,,,,,,,
ANGPT2,CSF1R,0.0,,,,,,,,0.0,,,,,,,
ANGPT1,CSF1R,,,,,0.0,,,,0.0,,,,,,,
ANGPT4,CSF1R,,,,,,,,,0.0,,,,,,,
BDNF,CSF1R,,,,,,,,,0.0,,,,,,,
EREG,CSF1R,,,,,,,,,,,,,,,,
VEGFD,CSF1R,,,,,,,,,0.0,,,,,,,
FGF5,CSF1R,,,,,,,,,,,,,,,,
FGF23,CSF1R,,,,,,,,,,,,,,,,
PGF,CSF1R,,,,,0.0,,,,0.0,,,,,,,
IGF1,DDR2,,,,,,,,,,,0.0,,,,,
EGF,DDR2,,,,,,,,,,,,,,,0.0,
NGF,DDR2,,,,,,,,,,,0.0,,,,,
CSF1,DDR2,,,,,,,,,,,0.0,,,,,
HGF,DDR2,,,,,,,0.0,,,,0.0,,,,,
AREG,DDR2,,,,,,,,,,,,,,,,
PDGFA,DDR2,,,,,,,0.0,,,,,,,,,
PDGFB,DDR2,,,0.0,,,,,,,,,,,,,
ANGPT2,DDR2,,,0.0,,,,,,,,0.0,,,,,
ANGPT1,DDR2,,,,,,,0.0,,,,0.0,,,,,
ANGPT4,DDR2,,,,,,,,,,,0.0,,,,,
BDNF,DDR2,,,,,,,,,,,0.0,,,,,
EREG,DDR2,,,,,,,,,,,,,,,,
VEGFD,DDR2,,,,,,,,,,,0.0,,,,,
FGF5,DDR2,,,,,,,,,,,,,,,,
FGF23,DDR2,,,,,,,,,,,,,,,,
PGF,DDR2,,,,,,,0.0,,,,0.0,,,,,
IGF1,RET,,,,,,,,,0.0,,,0.0,,,,
EGF,RET,,,,,,,,,,,,,0.0,,,0.0
NGF,RET,,,,,,,,,0.0,,,0.0,,,,
CSF1,RET,,,,,,,,,0.0,,,0.0,,,,
HGF,RET,,,,,0.3564,,,1.0,0.0,,,0.0,,,,
AREG,RET,,,,,,,,,,,,,,,,
PDGFA,RET,,,,,0.0,,,0.0,,,,,,,,
PDGFB,RET,0.0,,,0.0,,,,,,,,,,,,
ANGPT2,RET,0.0,,,1.0,,,,,0.009529411764705883,,,1.0,,,,
ANGPT1,RET,,,,,0.0,,,0.081,0.0,,,0.0,,,,
ANGPT4,RET,,,,,,,,,0.0,,,0.0,,,,
GDNF,RET,,,,,,,,,0.0,,,0.783,,,,
BDNF,RET,,,,,,,,,0.0,,,0.0,,,,
AGT,RET,,,,,,,,,0.0,,,0.0,,,,
EREG,RET,,,,,,,,,,,,,,,,
VEGFD,RET,,,,,,,,,0.0,,,0.0,,,,
GDF15,RET,0.0,,,1.0,,,,,0.0,,,1.0,1.0,,,1.0
FGFR4,RET,,,,,,,,,0.0,,,0.0,,,,
FGF5,RET,,,,,,,,,,,,,,,,
FGF23,RET,,,,,,,,,,,,,,,,
PGF,RET,,,,,0.14893548387096775,,,1.0,0.0,,,0.0,,,,
LGALS1,RET,,,,,,,,,0.0,,,0.0,,,,
IGF1,FLT1,,,,,,,,,0.0,,,,,,,
EGF,FLT1,,,,,,,,,,,,,0.0,,,
NGF,FLT1,,,,,,,,,0.0,,,,,,,
CSF1,FLT1,,,,,,,,,0.0,,,,,,,
CSF2,FLT1,0.0,,,,,,,,0.0,,,,,,,
HGF,FLT1,,,,,0.0,,,,0.0,,,,,,,
AREG,FLT1,,,,,,,,,,,,,,,,
PDGFA,FLT1,,,,,0.0,,,,,,,,,,,
PDGFB,FLT1,0.0,,,,,,,,,,,,,,,
ANGPT2,FLT1,0.0,,,,,,,,0.0,,,,,,,
ANGPT1,FLT1,,,,,0.0,,,,0.0,,,,,,,
ANGPT4,FLT1,,,,,,,,,0.0,,,,,,,
KDR,FLT1,0.0,,,,,,,,,,,,,,,
FLT4,FLT1,0.0,,,,,,,,,,,,,,,
BDNF,FLT1,,,,,,,,,0.0,,,,,,,
EREG,FLT1,,,,,,,,,,,,,,,,
VEGFD,FLT1,,,,,,,,,0.0,,,,,,,
FGF5,FLT1,,,,,,,,,,,,,,,,
FGF23,FLT1,,,,,,,,,,,,,,,,
PGF,FLT1,,,,,0.0,,,,0.0,,,,,,,
TNF,TRPM2,,,,,,,,,,,,,,,,
EGF,HSP90AB1,,,,,,,,,,,,,0.0,0.0,,
IL4,LGALS3,,,,,,,,,,,,,,,,
MUC1,LGALS3,,,,,,,,,,,,,,,,
CSF2,LGALS3,,,,,,,,,,,,,,,,
TNF,NR3C1,0.0,,,,,,,,,,,,,,,
RLN1,NR3C1,,,,,,,,,,,,,,,,
GC,NR3C1,,,,,,,,,,,,,,,,
HGF,THBS1,,,,,,0.0,0.0,,,0.0,0.0,,,,,
IL18,THBS1,,,,,,0.0,0.0,,,0.0,0.0,,,0.0,0.0,
VWF,THBS1,,0.0,0.0,,,,,,,,,,,,,
IGF1,ITGAV,,,,,,,,,,0.0,0.0,,,,,
NRG1,ITGAV,,,,,,0.0,0.0,,,,,,,,,
PTN,ITGAV,,,,,,,,,,0.0,0.0,,,,,
L1CAM,ITGAV,,0.0,0.0,,,,,,,,,,,0.0,1.0,
VTN,ITGAV,,,,,,,,,,0.0,0.0,,,,,
THBS1,ITGAV,,,,,,0.0,0.0,,,0.0,0.0,,,,,
THBS2,ITGAV,,,,,,,,,,0.0,0.0,,,,,
CTGF,ITGAV,,,,,,0.0,0.0,,,0.0,0.0,,,,,
VWF,ITGAV,,0.0,0.0,,,,,,,,,,,,,
PECAM1,ITGAV,,0.0,0.0,,,,,,,,,,,,,
TNC,ITGAV,,,,,,,,,,,,,,,,
MFGE8,ITGAV,,,,,,0.0,0.0,,,0.0,0.0,,,,,
ANGPTL4,ITGAV,,0.0,0.0,,,0.0,1.0,,,0.0,0.0,,,,,
DMP1,ITGAV,,,,,,,,,,,,,,,,
ICAM4,ITGAV,,,,,,,,,,,,,,,,
SPP1,ITGAV,,,,,,,,,,,,,,,,
CYR61,ITGAV,,,,,,0.0,0.0,,,0.0,0.0,,,,,
EDIL3,ITGAV,,0.0,0.0,,,,,,,,,,,,,
POSTN,ITGAV,,,,,,,,,,0.0,0.0,,,,,
THBS4,ITGAV,,,,,,,,,,0.0,0.0,,,,,
CCL2,CCR2,1.0,,,,,,,,0.0,,,,,,,
CXCL9,CCR2,0.0,,,,,,,,,,,,,,,
CCL5,CCR2,0.0,,,,,,,,,,,,,,,
CCL8,CCR2,0.0,,,,,,,,0.0,,,,,,,
CCL4,CCR2,0.0,,,,,,,,,,,,,,,
CD40LG,CCR2,0.0,,,,,,,,,,,,,,,
CXCL10,CCR2,,,,,,,,,0.0,,,,,,,
CXCL12,CCR2,0.0,,,,,,,,0.0,,,,,,,
CCL3,CCR2,0.0,,,,,,,,,,,,,,,
CCL7,CCR2,0.02198571428571429,,,,,,,,0.0,,,,,,,
CCL11,CCR2,,,,,,,,,0.0,,,,,,,
CCL24,CCR2,0.0,,,,,,,,,,,,,,,
CCL17,CCR2,,,,,,,,,,,,,,,,
CCL22,CCR2,,,,,,,,,,,,,,,,
CCL20,CCR2,,,,,,,,,,,,,,,,
CCL1,CCR2,,,,,,,,,,,,,,,,
CXCL1,CCR2,0.0,,,,,,,,0.0,,,,,,,
CXCL2,CCR2,,,,,,,,,,,,,,,,
CXCL3,CCR2,,,,,,,,,,,,,,,,
CXCL5,CCR2,,,,,,,,,,,,,,,,
PPBP,CCR2,,,,,,,,,,,,,,,,
CXCL13,CCR2,,,,,,,,,0.0,,,,,,,
XCL1,CCR2,0.0,,,,,,,,,,,,,,,
PF4,CCR2,0.0,,,,,,,,,,,,,,,
CXCL14,CCR2,,,,,,,,,0.0,,,,,,,
CYTL1,CCR2,0.0,,,,,,,,,,,,,,,
MSMP,CCR2,0.0,,,,,,,,,,,,,,,
CCL2,CCR3,,,,,,,,,,,,,,,,
CXCL9,CCR3,,,,,,,,,,,,,,,,
CCL5,CCR3,,,,,,,,,,,,,,,,
CCL8,CCR3,,,,,,,,,,,,,,,,
CCL4,CCR3,,,,,,,,,,,,,,,,
IL4,CCR3,,,,,,,,,,,,,,,,
CXCL10,CCR3,,,,,,,,,,,,,,,,
IL2,CCR3,,,,,,,,,,,,,,,,
CXCL12,CCR3,,,,,,,,,,,,,,,,
CCL3,CCR3,,,,,,,,,,,,,,,,
CCL7,CCR3,,,,,,,,,,,,,,,,
CCL11,CCR3,,,,,,,,,,,,,,,,
CCL24,CCR3,,,,,,,,,,,,,,,,
CCL17,CCR3,,,,,,,,,,,,,,,,
CCL22,CCR3,,,,,,,,,,,,,,,,
CCL20,CCR3,,,,,,,,,,,,,,,,
CCL1,CCR3,,,,,,,,,,,,,,,,
CXCL1,CCR3,,,,,,,,,,,,,,,,
CXCL2,CCR3,,,,,,,,,,,,,,,,
CXCL3,CCR3,,,,,,,,,,,,,,,,
CXCL5,CCR3,,,,,,,,,,,,,,,,
PPBP,CCR3,,,,,,,,,,,,,,,,
CXCL13,CCR3,,,,,,,,,,,,,,,,
XCL1,CCR3,,,,,,,,,,,,,,,,
PF4,CCR3,,,,,,,,,,,,,,,,
CXCL14,CCR3,,,,,,,,,,,,,,,,
CCL2,CCR5,1.0,,,,,,,,0.0,,,,,,,
CXCL9,CCR5,0.0,,,,,,,,,,,,,,,
CCL5,CCR5,0.0,,,,,,,,,,,,,,,
CCL8,CCR5,0.0,,,,,,,,0.0,,,,,,,
CCL4,CCR5,0.0,,,,,,,,,,,,,,,
CXCL10,CCR5,,,,,,,,,0.0,,,,,,,
IL2,CCR5,0.0,,,,,,,,,,,,,,,
IL12A,CCR5,,,,,,,,,0.0,,,,,,,
CXCL12,CCR5,0.0,,,,,,,,0.0,,,,,,,
CCL3,CCR5,0.0,,,,,,,,,,,,,,,
CCL7,CCR5,1.0,,,,,,,,0.0,,,,,,,
CCL11,CCR5,,,,,,,,,0.0,,,,,,,
CCL24,CCR5,0.0,,,,,,,,,,,,,,,
CCL17,CCR5,,,,,,,,,,,,,,,,
CCL22,CCR5,,,,,,,,,,,,,,,,
CCL20,CCR5,,,,,,,,,,,,,,,,
CCL1,CCR5,,,,,,,,,,,,,,,,
CXCL1,CCR5,1.0,,,,,,,,0.0,,,,,,,
CXCL2,CCR5,,,,,,,,,,,,,,,,
CXCL3,CCR5,,,,,,,,,,,,,,,,
CXCL5,CCR5,,,,,,,,,,,,,,,,
PPBP,CCR5,,,,,,,,,,,,,,,,
CXCL13,CCR5,,,,,,,,,0.0,,,,,,,
IL12B,CCR5,,,,,,,,,,,,,,,,
IL18,CCR5,,,,,0.0,,,,0.0,,,,0.0,,,
XCL1,CCR5,0.0,,,,,,,,,,,,,,,
ORM1,CCR5,,,,,,,,,,,,,,,,
PF4,CCR5,0.0,,,,,,,,,,,,,,,
CXCL14,CCR5,,,,,,,,,0.0,,,,,,,
S100A4,CCR5,0.0,,,,,,,,,,,,,,,
CCL2,CCR1,,,,,,,,,,,,,,,,
IL10,CCR1,,,,,,,,,,,,,,,,
CXCL9,CCR1,,,,,,,,,,,,,,,,
CCL5,CCR1,,,,,,,,,,,,,,,,
CCL8,CCR1,,,,,,,,,,,,,,,,
CCL4,CCR1,,,,,,,,,,,,,,,,
CXCL10,CCR1,,,,,,,,,,,,,,,,
CSF2,CCR1,,,,,,,,,,,,,,,,
CXCL12,CCR1,,,,,,,,,,,,,,,,
CCL3,CCR1,,,,,,,,,,,,,,,,
CCL7,CCR1,,,,,,,,,,,,,,,,
CCL11,CCR1,,,,,,,,,,,,,,,,
CCL24,CCR1,,,,,,,,,,,,,,,,
CCL17,CCR1,,,,,,,,,,,,,,,,
CCL22,CCR1,,,,,,,,,,,,,,,,
CCL20,CCR1,,,,,,,,,,,,,,,,
CCL1,CCR1,,,,,,,,,,,,,,,,
CXCL1,CCR1,,,,,,,,,,,,,,,,
CXCL2,CCR1,,,,,,,,,,,,,,,,
CXCL3,CCR1,,,,,,,,,,,,,,,,
CXCL5,CCR1,,,,,,,,,,,,,,,,
PPBP,CCR1,,,,,,,,,,,,,,,,
CXCL13,CCR1,,,,,,,,,,,,,,,,
XCL1,CCR1,,,,,,,,,,,,,,,,
PF4,CCR1,,,,,,,,,,,,,,,,
CXCL14,CCR1,,,,,,,,,,,,,,,,
CCL2,ACKR1,1.0,,1.0,,,,,,0.0,,0.0,,,,,
CXCL9,ACKR1,0.0,,1.0,,,,,,,,,,,,,
CCL5,ACKR1,0.0,,0.0,,,,,,,,,,,,,
CCL8,ACKR1,0.0,,1.0,,,,,,0.0,,0.8379000000000001,,,,,
CXCL10,ACKR1,,,,,,,,,0.0,,0.0,,,,,
CCL7,ACKR1,1.0,,1.0,,,,,,0.0,,0.0,,,,,
CCL11,ACKR1,,,,,,,,,0.0,,0.0,,,,,
CCL17,ACKR1,,,,,,,,,,,,,,,,
CCL22,ACKR1,,,,,,,,,,,,,,,,
CCL1,ACKR1,,,,,,,,,,,,,,,,
CXCL1,ACKR1,1.0,,1.0,,,,,,0.0,,0.0,,,,,
CXCL2,ACKR1,,,,,,,,,,,,,,,,
CXCL3,ACKR1,,,,,,,,,,,,,,,,
CXCL5,ACKR1,,,,,,,,,,,,,,,,
PPBP,ACKR1,,,,,,,,,,,,,,,,
CXCL13,ACKR1,,,,,,,,,0.0,,0.0,,,,,
PF4,ACKR1,0.0,,0.0,,,,,,,,,,,,,
CCL2,ACKR2,,,0.0,,,,,,,,0.0,,,,,
CCL5,ACKR2,,,0.0,,,,,,,,,,,,,
CCL8,ACKR2,,,0.0,,,,,,,,0.0,,,,,
CCL4,ACKR2,,,0.0,,,,,,,,,,,,,
CCL3,ACKR2,,,0.0,,,,,,,,,,,,,
CCL7,ACKR2,,,0.0,,,,,,,,0.0,,,,,
CCL11,ACKR2,,,,,,,,,,,0.0,,,,,
CCL24,ACKR2,,,0.0,,,,,,,,,,,,,
CCL17,ACKR2,,,,,,,,,,,,,,,,
CCL22,ACKR2,,,,,,,,,,,,,,,,
CCL2,CXCR1,,,,,,,,,,,,,,,,
CXCL9,CXCR1,,,,,,,,,,,,,,,,
CCL5,CXCR1,,,,,,,,,,,,,,,,
CCL8,CXCR1,,,,,,,,,,,,,,,,
CCL4,CXCR1,,,,,,,,,,,,,,,,
CXCL10,CXCR1,,,,,,,,,,,,,,,,
CXCL12,CXCR1,,,,,,,,,,,,,,,,
CCL3,CXCR1,,,,,,,,,,,,,,,,
CCL7,CXCR1,,,,,,,,,,,,,,,,
CCL11,CXCR1,,,,,,,,,,,,,,,,
CCL24,CXCR1,,,,,,,,,,,,,,,,
CCL17,CXCR1,,,,,,,,,,,,,,,,
CCL22,CXCR1,,,,,,,,,,,,,,,,
CCL20,CXCR1,,,,,,,,,,,,,,,,
CCL1,CXCR1,,,,,,,,,,,,,,,,
CXCL1,CXCR1,,,,,,,,,,,,,,,,
CXCL2,CXCR1,,,,,,,,,,,,,,,,
CXCL3,CXCR1,,,,,,,,,,,,,,,,
CXCL5,CXCR1,,,,,,,,,,,,,,,,
PPBP,CXCR1,,,,,,,,,,,,,,,,
CXCL13,CXCR1,,,,,,,,,,,,,,,,
XCL1,CXCR1,,,,,,,,,,,,,,,,
PF4,CXCR1,,,,,,,,,,,,,,,,
CXCL14,CXCR1,,,,,,,,,,,,,,,,
CCL2,TNF,1.0,,,,,,,,0.0,,,,,,,
IFNG,TNF,0.0,,,,,,,,,,,,,,,
CSF1,TNF,,,,,,,,,0.0,,,,,,,
CSF3,TNF,,,,,,,,,,,,,,,,
CSF2,TNF,0.0,,,,,,,,0.0,,,,,,,
HGF,TNF,,,,,0.0,,,,0.0,,,,,,,
ANGPT1,TNF,,,,,0.0,,,,0.0,,,,,,,
IL12B,TNF,,,,,,,,,,,,,,,,
IL17A,TNF,0.0,,,,,,,,,,,,,,,
ADIPOQ,TNF,,,,,,,,,,,,,,,,
S100B,TNF,0.0,,,,,,,,,,,,,,,
STC1,TNF,0.0,,,,,,,,,,,,,,,
CCL2,CXCR6,0.02198571428571429,,,,,,,,0.0,,,,,,,
CXCL9,CXCR6,0.0,,,,,,,,,,,,,,,
CCL5,CXCR6,0.0,,,,,,,,,,,,,,,
CCL8,CXCR6,0.0,,,,,,,,0.0,,,,,,,
CCL4,CXCR6,0.0,,,,,,,,,,,,,,,
CXCL10,CXCR6,,,,,,,,,0.0,,,,,,,
CXCL12,CXCR6,0.0,,,,,,,,0.0,,,,,,,
CCL3,CXCR6,0.0,,,,,,,,,,,,,,,
CCL7,CXCR6,0.0,,,,,,,,0.0,,,,,,,
CCL11,CXCR6,,,,,,,,,0.0,,,,,,,
CCL24,CXCR6,0.0,,,,,,,,,,,,,,,
CCL17,CXCR6,,,,,,,,,,,,,,,,
CCL22,CXCR6,,,,,,,,,,,,,,,,
CCL20,CXCR6,,,,,,,,,,,,,,,,
CCL1,CXCR6,,,,,,,,,,,,,,,,
CXCL1,CXCR6,0.0,,,,,,,,0.0,,,,,,,
CXCL2,CXCR6,,,,,,,,,,,,,,,,
CXCL3,CXCR6,,,,,,,,,,,,,,,,
CXCL5,CXCR6,,,,,,,,,,,,,,,,
PPBP,CXCR6,,,,,,,,,,,,,,,,
CXCL13,CXCR6,,,,,,,,,0.0,,,,,,,
XCL1,CXCR6,0.0,,,,,,,,,,,,,,,
PF4,CXCR6,0.0,,,,,,,,,,,,,,,
CXCL14,CXCR6,,,,,,,,,0.0,,,,,,,
CCL2,F3,,0.0,,,,,,,,0.0,,,,,,
IL10,F3,,0.0,,,,,,,,,,,,,,
IL6,F3,,0.0,,,,,,,,0.0,,,,,,
CD40LG,F3,,0.0,,,,,,,,,,,,,,
HGF,F3,,,,,,0.0,,,,0.0,,,,,,
TNF,F3,,0.0,,,,,,,,,,,,,,
OSM,F3,,,,,,,,,,,,,,,,
SAA1,F3,,,,,,,,,,,,,,,,
SST,F3,,,,,,,,,,,,,,,,
ADIPOQ,F3,,,,,,,,,,,,,,,,
ORM1,F3,,,,,,,,,,,,,,,,
CCL2,CCR6,1.0,,,,,,,,0.0,,,,,,,
IFNG,CCR6,0.0,,,,,,,,,,,,,,,
CXCL9,CCR6,0.0,,,,,,,,,,,,,,,
CCL5,CCR6,0.0,,,,,,,,,,,,,,,
CCL8,CCR6,0.0,,,,,,,,0.0,,,,,,,
CCL4,CCR6,0.0,,,,,,,,,,,,,,,
CXCL10,CCR6,,,,,,,,,0.0,,,,,,,
CXCL12,CCR6,1.0,,,,,,,,0.0,,,,,,,
CCL3,CCR6,0.0,,,,,,,,,,,,,,,
CCL7,CCR6,1.0,,,,,,,,0.0,,,,,,,
CCL11,CCR6,,,,,,,,,0.0,,,,,,,
CCL24,CCR6,0.0,,,,,,,,,,,,,,,
CCL17,CCR6,,,,,,,,,,,,,,,,
CCL22,CCR6,,,,,,,,,,,,,,,,
CCL20,CCR6,,,,,,,,,,,,,,,,
CCL1,CCR6,,,,,,,,,,,,,,,,
CXCL1,CCR6,1.0,,,,,,,,0.0,,,,,,,
CXCL2,CCR6,,,,,,,,,,,,,,,,
CXCL3,CCR6,,,,,,,,,,,,,,,,
CXCL5,CCR6,,,,,,,,,,,,,,,,
PPBP,CCR6,,,,,,,,,,,,,,,,
CXCL13,CCR6,,,,,,,,,0.0,,,,,,,
XCL1,CCR6,0.0,,,,,,,,,,,,,,,
PF4,CCR6,0.0,,,,,,,,,,,,,,,
DEFB1,CCR6,,,,,0.0,,,,,,,,0.0,,,
CXCL14,CCR6,,,,,,,,,0.0,,,,,,,
CCL2,CXCR4,1.0,,,,,,,,0.0,,,,,,,
KIT,CXCR4,,,,,,,,,,,,,,,,
CXCL9,CXCR4,0.0,,,,,,,,,,,,,,,
CCL5,CXCR4,0.0,,,,,,,,,,,,,,,
CCL8,CXCR4,0.0,,,,,,,,0.0,,,,,,,
IL4,CXCR4,0.0,,,,,,,,,,,,,,,
CXCL10,CXCR4,,,,,,,,,0.0,,,,,,,
CXCL12,CXCR4,0.0,,,,,,,,0.0,,,,,,,
AGT,CXCR4,,,,,,,,,0.0,,,,,,,
CCL3,CXCR4,0.0,,,,,,,,,,,,,,,
CCL7,CXCR4,1.0,,,,,,,,0.0,,,,,,,
CCL24,CXCR4,0.0,,,,,,,,,,,,,,,
CCL17,CXCR4,,,,,,,,,,,,,,,,
CCL22,CXCR4,,,,,,,,,,,,,,,,
CCL20,CXCR4,,,,,,,,,,,,,,,,
CCL1,CXCR4,,,,,,,,,,,,,,,,
CXCL1,CXCR4,0.548625,,,,,,,,0.0,,,,,,,
CXCL2,CXCR4,,,,,,,,,,,,,,,,
CXCL3,CXCR4,,,,,,,,,,,,,,,,
CXCL5,CXCR4,,,,,,,,,,,,,,,,
PPBP,CXCR4,,,,,,,,,,,,,,,,
CXCL13,CXCR4,,,,,,,,,0.0,,,,,,,
XCL1,CXCR4,0.0,,,,,,,,,,,,,,,
TFF2,CXCR4,,,,,,,,,,,,,,,,
PF4,CXCR4,0.0,,,,,,,,,,,,,,,
CXCL14,CXCR4,,,,,,,,,0.0,,,,,,,
TFF3,CXCR4,,,,,,,,,,,,,,,,
CCL2,CX3CR1,1.0,,,,,,,,0.0,,,,,,,
CXCL9,CX3CR1,0.0,,,,,,,,,,,,,,,
CCL5,CX3CR1,0.0,,,,,,,,,,,,,,,
CCL8,CX3CR1,0.0,,,,,,,,0.0,,,,,,,
CCL4,CX3CR1,0.0,,,,,,,,,,,,,,,
CXCL10,CX3CR1,,,,,,,,,0.0,,,,,,,
CXCL12,CX3CR1,0.0,,,,,,,,0.0,,,,,,,
CCL3,CX3CR1,0.0,,,,,,,,,,,,,,,
CCL7,CX3CR1,1.0,,,,,,,,0.0,,,,,,,
CCL11,CX3CR1,,,,,,,,,0.0,,,,,,,
CCL24,CX3CR1,0.0,,,,,,,,,,,,,,,
CCL17,CX3CR1,,,,,,,,,,,,,,,,
CCL22,CX3CR1,,,,,,,,,,,,,,,,
CCL20,CX3CR1,,,,,,,,,,,,,,,,
CCL1,CX3CR1,,,,,,,,,,,,,,,,
CXCL1,CX3CR1,1.0,,,,,,,,0.0,,,,,,,
CXCL2,CX3CR1,,,,,,,,,,,,,,,,
CXCL3,CX3CR1,,,,,,,,,,,,,,,,
CXCL5,CX3CR1,,,,,,,,,,,,,,,,
PPBP,CX3CR1,,,,,,,,,,,,,,,,
CXCL13,CX3CR1,,,,,,,,,0.0,,,,,,,
XCL1,CX3CR1,0.0,,,,,,,,,,,,,,,
PF4,CX3CR1,0.0,,,,,,,,,,,,,,,
CXCL14,CX3CR1,,,,,,,,,0.0,,,,,,,
CCL2,CCR7,,,,,,,,,,,,,,,,
CXCL9,CCR7,,,,,,,,,,,,,,,,
CCL5,CCR7,,,,,,,,,,,,,,,,
CCL8,CCR7,,,,,,,,,,,,,,,,
CCL4,CCR7,,,,,,,,,,,,,,,,
IL6,CCR7,,,,,,,,,,,,,,,,
CXCL10,CCR7,,,,,,,,,,,,,,,,
CXCL12,CCR7,,,,,,,,,,,,,,,,
CCL3,CCR7,,,,,,,,,,,,,,,,
CCL7,CCR7,,,,,,,,,,,,,,,,
CCL11,CCR7,,,,,,,,,,,,,,,,
CCL24,CCR7,,,,,,,,,,,,,,,,
CCL17,CCR7,,,,,,,,,,,,,,,,
CCL22,CCR7,,,,,,,,,,,,,,,,
CCL20,CCR7,,,,,,,,,,,,,,,,
CCL1,CCR7,,,,,,,,,,,,,,,,
CXCL1,CCR7,,,,,,,,,,,,,,,,
CXCL2,CCR7,,,,,,,,,,,,,,,,
CXCL3,CCR7,,,,,,,,,,,,,,,,
CXCL5,CCR7,,,,,,,,,,,,,,,,
PPBP,CCR7,,,,,,,,,,,,,,,,
CXCL13,CCR7,,,,,,,,,,,,,,,,
XCL1,CCR7,,,,,,,,,,,,,,,,
PF4,CCR7,,,,,,,,,,,,,,,,
CXCL14,CCR7,,,,,,,,,,,,,,,,
CCL2,XCR1,1.0,,,,,,,,0.0,,,,,,,
CXCL9,XCR1,0.0,,,,,,,,,,,,,,,
CCL5,XCR1,0.0,,,,,,,,,,,,,,,
CCL8,XCR1,0.0,,,,,,,,0.0,,,,,,,
CCL4,XCR1,0.0,,,,,,,,,,,,,,,
CXCL10,XCR1,,,,,,,,,0.0,,,,,,,
CXCL12,XCR1,0.16696698113207548,,,,,,,,0.0,,,,,,,
CCL3,XCR1,0.0,,,,,,,,,,,,,,,
CCL7,XCR1,1.0,,,,,,,,0.0,,,,,,,
CCL11,XCR1,,,,,,,,,0.0,,,,,,,
CCL24,XCR1,0.0,,,,,,,,,,,,,,,
CCL17,XCR1,,,,,,,,,,,,,,,,
CCL22,XCR1,,,,,,,,,,,,,,,,
CCL20,XCR1,,,,,,,,,,,,,,,,
CCL1,XCR1,,,,,,,,,,,,,,,,
CXCL1,XCR1,1.0,,,,,,,,0.0,,,,,,,
CXCL2,XCR1,,,,,,,,,,,,,,,,
CXCL3,XCR1,,,,,,,,,,,,,,,,
CXCL5,XCR1,,,,,,,,,,,,,,,,
PPBP,XCR1,,,,,,,,,,,,,,,,
CXCL13,XCR1,,,,,,,,,0.0,,,,,,,
XCL1,XCR1,0.0,,,,,,,,,,,,,,,
PF4,XCR1,0.0,,,,,,,,,,,,,,,
CXCL14,XCR1,,,,,,,,,0.0,,,,,,,
CCL2,CXCR2,,,,,,,,,,,,,,,,
CXCL9,CXCR2,,,,,,,,,,,,,,,,
CCL5,CXCR2,,,,,,,,,,,,,,,,
CCL8,CXCR2,,,,,,,,,,,,,,,,
CCL4,CXCR2,,,,,,,,,,,,,,,,
CXCL10,CXCR2,,,,,,,,,,,,,,,,
CXCL12,CXCR2,,,,,,,,,,,,,,,,
CCL3,CXCR2,,,,,,,,,,,,,,,,
CCL7,CXCR2,,,,,,,,,,,,,,,,
CCL11,CXCR2,,,,,,,,,,,,,,,,
CCL24,CXCR2,,,,,,,,,,,,,,,,
CCL17,CXCR2,,,,,,,,,,,,,,,,
CCL22,CXCR2,,,,,,,,,,,,,,,,
CCL20,CXCR2,,,,,,,,,,,,,,,,
CCL1,CXCR2,,,,,,,,,,,,,,,,
CXCL1,CXCR2,,,,,,,,,,,,,,,,
CXCL2,CXCR2,,,,,,,,,,,,,,,,
CXCL3,CXCR2,,,,,,,,,,,,,,,,
CXCL5,CXCR2,,,,,,,,,,,,,,,,
PPBP,CXCR2,,,,,,,,,,,,,,,,
CXCL13,CXCR2,,,,,,,,,,,,,,,,
XCL1,CXCR2,,,,,,,,,,,,,,,,
PF4,CXCR2,,,,,,,,,,,,,,,,
CXCL14,CXCR2,,,,,,,,,,,,,,,,
CCL2,CCR9,1.0,,,,,,,,0.0,,,,,,,
CXCL9,CCR9,0.0,,,,,,,,,,,,,,,
CCL5,CCR9,0.0,,,,,,,,,,,,,,,
CCL8,CCR9,0.0,,,,,,,,0.0,,,,,,,
CCL4,CCR9,0.0,,,,,,,,,,,,,,,
CXCL10,CCR9,,,,,,,,,0.0,,,,,,,
CXCL12,CCR9,0.42430373831775703,,,,,,,,0.0,,,,,,,
CCL3,CCR9,0.0,,,,,,,,,,,,,,,
CCL7,CCR9,1.0,,,,,,,,0.0,,,,,,,
CCL11,CCR9,,,,,,,,,0.0,,,,,,,
CCL24,CCR9,0.0,,,,,,,,,,,,,,,
CCL17,CCR9,,,,,,,,,,,,,,,,
CCL22,CCR9,,,,,,,,,,,,,,,,
CCL20,CCR9,,,,,,,,,,,,,,,,
CCL1,CCR9,,,,,,,,,,,,,,,,
CXCL1,CCR9,1.0,,,,,,,,0.0,,,,,,,
CXCL2,CCR9,,,,,,,,,,,,,,,,
CXCL3,CCR9,,,,,,,,,,,,,,,,
CXCL5,CCR9,,,,,,,,,,,,,,,,
PPBP,CCR9,,,,,,,,,,,,,,,,
CXCL13,CCR9,,,,,,,,,0.0,,,,,,,
TNFSF15,CCR9,,,,,,,,,0.0,,,,,,,
XCL1,CCR9,0.0,,,,,,,,,,,,,,,
PF4,CCR9,0.0,,,,,,,,,,,,,,,
CXCL14,CCR9,,,,,,,,,0.0,,,,,,,
IL1B,CDH5,,,,,,,,,,,,,,,,
BMP6,CDH5,0.0,,,,,,,,0.0,,,,,,,
ANGPT2,CDH5,0.0,,,,,,,,0.0,,,,,,,
KDR,CDH5,0.0,,,,,,,,,,,,,,,
KNG1,CDH5,,,,,,,,,,,,,,,,
ANGPTL4,CDH5,0.0,,,,0.0,,,,0.0,,,,,,,
KIT,CD81,,,,,,,,,,,,,,,,
KIT,CSF2RA,,,,,,,,,,,,,,,,
CSF1,CSF2RA,,,,,,,,,,,,,,,,
CSF3,CSF2RA,,,,,,,,,,,,,,,,
CSF2,CSF2RA,,,,,,,,,,,,,,,,
KIT,CD63,,,,,,,,,,,,,,,,
SFRP2,WNT2,,,,,,,,,,,0.0,,,,,
FRZB,WNT2,,,,,,,,,,,0.0,,,,,
WIF1,WNT2,,,,,,,,,,,0.0,,,,,
RSPO3,WNT2,,,,,,,,,,,0.0,,,,,
DKK2,WNT2,,,,,,,,,,,,,,,,
SOSTDC1,WNT2,,,0.0,,,,,,,,0.0,,,,,
SOST,WNT2,,,,,,,,,,,,,,,,
SFRP5,WNT2,,,0.0,,,,,,,,0.0,,,,,
SERPINF1,WNT2,,,,,,,,,,,0.0,,,,,
SFRP4,WNT2,,,,,,,,,,,0.0,,,,,
SFRP2,WNT6,,,,,,,,,,0.0,0.0,,,,,
FRZB,WNT6,,,,,,,,,,0.0,0.0,,,,,
WIF1,WNT6,,,,,,,,,,0.0,0.0,,,,,
RSPO3,WNT6,,,,,,,,,,0.0,0.0,,,,,
DKK2,WNT6,,,,,,,,,,,,,,,,
SOSTDC1,WNT6,,0.021375,0.0,,,,,,,0.007259433962264151,0.0,,,,,
SOST,WNT6,,,,,,,,,,,,,,,,
SFRP5,WNT6,,0.021375,0.0,,,,,,,0.135375,0.0,,,,,
SERPINF1,WNT6,,,,,,,,,,0.0,0.0,,,,,
SFRP4,WNT6,,,,,,,,,,0.0,0.0,,,,,
SFRP2,WNT5A,,,,,,,,,,,0.0,,,,,
FRZB,WNT5A,,,,,,,,,,,0.0,,,,,
WIF1,WNT5A,,,,,,,,,,,0.0,,,,,
SFRP5,WNT5A,,,0.0,,,,,,,,0.0,,,,,
SFRP4,WNT5A,,,,,,,,,,,0.0,,,,,
TLN1,ITGA5,0.0,,0.0,,1.0,,0.0,,,,,,,,,
ANGPT1,ITGA5,,,,,0.01672826086956522,,0.0,,0.0,,0.0,,,,,
FLT4,ITGA5,0.0,,0.0,,,,,,,,,,,,,
CXCL12,ITGA5,1.0,,0.0,,,,,,0.0,,0.0,,,,,
VEGFD,ITGA5,,,,,,,,,0.0,,0.0,,,,,
L1CAM,ITGA5,1.0,,0.0,,,,,,,,,,1.0,,0.0,
RELN,ITGA5,1.0,,0.0,,,,,,,,,,,,,
VTN,ITGA5,,,,,,,,,0.0,,0.0,,,,,
THBS1,ITGA5,,,,,0.0,,0.0,,0.0,,0.0,,,,,
THBS2,ITGA5,,,,,,,,,0.0,,0.0,,,,,
CTGF,ITGA5,,,,,0.0,,0.0,,0.0,,0.0,,,,,
VWF,ITGA5,0.0,,0.0,,,,,,,,,,,,,
LAMB1,ITGA5,,,,,1.0,,0.0,,0.0,,0.0,,,,,
LAMA4,ITGA5,1.0,,0.0,,,,,,0.0,,0.0,,,,,
LAMC2,ITGA5,,,,,0.0,,0.0,,,,,,,,,
TNC,ITGA5,,,,,,,,,,,,,,,,
COL6A3,ITGA5,,,,,,,,,0.0,,0.0,,,,,
LAMA3,ITGA5,,,,,0.0,,0.0,,,,,,,,,
LAMC3,ITGA5,,,,,,,,,0.0,,0.0,,,,,
SPP1,ITGA5,,,,,,,,,,,,,,,,
CYR61,ITGA5,,,,,0.0,,0.0,,0.0,,0.0,,,,,
LAMA2,ITGA5,,,,,,,,,0.0,,0.0,,,,,
CHAD,ITGA5,1.0,,0.0,,,,,,,,,,1.0,,0.0,
SPON2,ITGA5,,,,,0.01672826086956522,,0.0,,0.0,,0.0,,,,,
COL6A6,ITGA5,,,,,,,,,0.0,,0.0,,,,,
THBS4,ITGA5,,,,,,,,,1.0,,0.0,,,,,
WISP1,ITGA5,,,,,,,,,0.0,,0.0,,,,,
TLN1,ITGA2B,,,,0.0,,,,0.0,,,,,,,,
RELN,ITGA2B,,,,0.0,,,,,,,,,,,,
VTN,ITGA2B,,,,,,,,,,,,0.0,,,,
THBS1,ITGA2B,,,,,,,,0.0,,,,0.0,,,,
THBS2,ITGA2B,,,,,,,,,,,,0.0,,,,
VWF,ITGA2B,,,,0.0,,,,,,,,,,,,
LAMB1,ITGA2B,,,,,,,,0.0,,,,0.0,,,,
LAMA4,ITGA2B,,,,0.0,,,,,,,,0.0,,,,
LAMC2,ITGA2B,,,,,,,,0.0,,,,,,,,
TNC,ITGA2B,,,,,,,,,,,,,,,,
COL6A3,ITGA2B,,,,,,,,,,,,0.0,,,,
LAMA3,ITGA2B,,,,,,,,0.0,,,,,,,,
ICAM4,ITGA2B,,,,,,,,,,,,,,,,
LAMC3,ITGA2B,,,,,,,,,,,,0.0,,,,
SPP1,ITGA2B,,,,,,,,,,,,,,,,
LAMA2,ITGA2B,,,,,,,,,,,,0.0,,,,
CHAD,ITGA2B,,,,0.0,,,,,,,,,,,,0.0
COL6A6,ITGA2B,,,,,,,,,,,,0.0,,,,
THBS4,ITGA2B,,,,,,,,,,,,0.0,,,,
WNT5A,LRP2,,,,,,,,,,,,,,,,
EGF,LRP2,,,,,,,,,,,,,,,,
SHH,LRP2,,,,,,,,,,,,,,,,
MDK,LRP2,,,,,,,,,,,,,,,,
AGT,LRP2,,,,,,,,,,,,,,,,
TG,LRP2,,,,,,,,,,,,,,,,
APOA1,LRP2,,,,,,,,,,,,,,,,
APOE,LRP2,,,,,,,,,,,,,,,,
GC,LRP2,,,,,,,,,,,,,,,,
WNT5A,RORA,,,,,,,,,0.0,0.0,0.0,,,,,
IL22,IL21R,,,,,,,,,,,,,,,,
IL4,TNFRSF11B,,,0.0,,,,,,,,,,,,,
TNF,TNFRSF11B,,,0.0,,,,,,,,,,,,,
IL13,TNFRSF11B,,,,,,,,,,,,,,,,
PDGFA,TNFRSF11B,,,,,,,0.0,,,,,,,,,
TNFSF11,TNFRSF11B,,,0.0,,,,,,,,,,,,,
VTN,TNFRSF11B,,,,,,,,,,,0.0,,,,,
THBS1,TNFRSF11B,,,,,,,0.0,,,,0.0,,,,,
VWF,TNFRSF11B,,,0.0,,,,,,,,,,,,,
IFNG,PPARG,0.0,,,,,,,,,,,,,,,
IL4,PPARG,0.0,,,,,,,,,,,,,,,
CSF2,PPARG,0.0,,,,,,,,0.0,,,,,,,
TNF,PPARG,0.0,,,,,,,,,,,,,,,
IL12A,PPARG,,,,,,,,,0.0,,,,,,,
RLN1,PPARG,,,,,,,,,,,,,,,,
SERPINF1,PPARG,,,,,,,,,0.0,,,,,,,
IL10,CD14,,,,,,,,,,,,,,,,
IL10,CD40,0.0,,,,,,,,,,,,,,,
IFNG,CD40,0.0,,,,,,,,,,,,,,,
CD40LG,CD40,0.0,,,,,,,,,,,,,,,
LTB,CD40,0.0,,,,,,,,,,,,,,,
IL18,CD40,,,,,0.0,,,,0.0,,,,0.0,,,
IL10,CSF1,,,0.0,,,,,,,,,,,,,
IFNG,CSF1,,,0.0,,,,,,,,,,,,,
IL6,CSF1,,,0.0,,,,,,,,0.0,,,,,
IL1A,CSF1,,,,,,,,,,,,,,,,
CSF2,CSF1,,,0.0,,,,,,,,0.0,,,,,
IL1B,CSF1,,,,,,,,,,,,,,,,
IL10,IL1RN,,,,,,,,,,,,,,,,
IL6,IL1RN,,,,,,,,,,,,,,,,
HGF,IL1RN,,,,,,,,,,,,,,,,
TNF,IL1RN,,,,,,,,,,,,,,,,
IFNG,IFNGR1,0.0,,,,,,,,,,,,,,,
IFNB1,IFNGR1,0.0,,,,,,,,,,,,,,,
IFNG,CD74,0.0,,,,,,,,,,,,,,,
IFNG,PIGR,,,,,,,,,,,,,,,,
TNF,PIGR,,,,,,,,,,,,,,,,
IFNG,CD40LG,0.0,,,,,,,,,,,,,,,
TSLP,CD40LG,0.0,,,,,,,,0.0,,,,1.0,,,
ICOS,CD40LG,0.0,,,,,,,,,,,,,,,
IFNG,KLRD1,0.0,,,,,,,,,,,,,,,
CD160,KLRD1,0.0,,,,,,,,,,,,,,,
IFNG,MUC1,0.0,,,,,,,,,,,,,,,
TNF,MUC1,0.0,,,,,,,,,,,,,,,
IL13,MUC1,,,,,,,,,,,,,,,,
IL7,MUC1,,,,,0.0,,,,0.0,,,,,,,
IFNG,CEACAM1,,0.0,,0.0,,,,,,,,,,,,
IFNG,CXCL9,0.0,,,,,,,,,,,,,,,
IL12B,CXCL9,,,,,,,,,,,,,,,,
IFNG,CXCL16,,0.0,,,,,,,,,,,,,,
IFNG,VCAM1,0.0,,0.0,,,,,,,,,,,,,
CD40LG,VCAM1,0.0,,0.0,,,,,,,,,,,,,
IL4,VCAM1,0.20953521126760566,,0.0,,,,,,,,,,,,,
TNF,VCAM1,0.0,,0.0,,,,,,,,,,,,,
IL18,VCAM1,,,,,0.01672826086956522,,0.0,,0.0,,0.0,,0.0,,0.0,
THBS1,VCAM1,,,,,0.0,,0.0,,0.0,,0.0,,,,,
IFNG,CXCL12,0.0,,0.0,,,,,,,,,,,,,
CCL5,CXCL12,0.0,,0.0,,,,,,,,,,,,,
IL6,CXCL12,1.0,,0.0,,,,,,0.0,,0.0,,,,,
IL1A,CXCL12,,,,,,,,,,,,,,,,
CSF3,CXCL12,,,,,,,,,,,,,,,,
IL2,CXCL12,1.0,,0.0,,,,,,,,,,,,,
IL13,CXCL12,,,,,,,,,,,,,,,,
IL17A,CXCL12,0.6028341013824886,,0.0,,,,,,,,,,,,,
IL18,CXCL12,,,,,0.2947021276595745,,0.0,,0.0,,0.0,,0.35515384615384615,,0.0,
ADIPOQ,CXCL12,,,,,,,,,,,,,,,,
IFNG,CXCL10,,,0.0,,,,,,,,,,,,,
TNF,CXCL10,,,0.0,,,,,,,,,,,,,
IL1B,CXCL10,,,,,,,,,,,,,,,,
OSM,CXCL10,,,,,,,,,,,,,,,,
IL17F,CXCL10,,,0.0,,,,,,,,,,,,,
IFNG,IL17A,0.0,,,,,,,,,,,,,,,
IL6,IL17A,1.0,,,,,,,,0.0,,,,,,,
TNFSF4,IL17A,,,,,,,,,,,,,,,,
CYR61,IL17A,,,,,0.0,,,,0.0,,,,,,,
PDGFB,S1PR1,0.0,,,,,,,,,,,,,,,
KDR,S1PR1,0.0,,,,,,,,,,,,,,,
SPP1,S1PR1,,,,,,,,,,,,,,,,
CXCL9,GRM7,,,0.0,,,,,,,,,,,,,
CCL5,GRM7,,,0.0,,,,,,,,,,,,,
CXCL10,GRM7,,,,,,,,,,,0.0,,,,,
CXCL12,GRM7,,,0.0,,,,,,,,0.0,,,,,
APLN,GRM7,,,,,,,,,,,,,,,,
AGT,GRM7,,,,,,,,,,,0.0,,,,,
KNG1,GRM7,,,,,,,,,,,,,,,,
CCL20,GRM7,,,,,,,,,,,,,,,,
CXCL1,GRM7,,,1.0,,,,,,,,0.0,,,,,
CXCL2,GRM7,,,,,,,,,,,,,,,,
CXCL3,GRM7,,,,,,,,,,,,,,,,
CXCL5,GRM7,,,,,,,,,,,,,,,,
PPBP,GRM7,,,,,,,,,,,,,,,,
CXCL13,GRM7,,,,,,,,,,,0.0,,,,,
PENK,GRM7,,,,,,,,,,,0.0,,,,,
ANXA1,GRM7,,,,,,,0.0,,,,0.0,,,,,
SAA1,GRM7,,,,,,,,,,,,,,,,
GAL,GRM7,,,,,,,,,,,0.0,,,,,
PNOC,GRM7,,,,,,,,,,,,,,,,
NPY,GRM7,,,,,,,,,,,0.0,,,,,
SST,GRM7,,,,,,,,,,,,,,,,
PYY,GRM7,,,,,,,,,,,,,,,,
PF4,GRM7,,,0.0,,,,,,,,,,,,,
CCL5,CCRL2,,,,,,,,,,,,,,,,
RARRES2,CCRL2,,,,,,,,,,,,,,,,
CCL5,TNFRSF4,,,,,,,,,,,,,,,,
IL2,TNFRSF4,,,,,,,,,,,,,,,,
TNFSF4,TNFRSF4,,,,,,,,,,,,,,,,
IL6,TLR2,,,,,,,,,,,,,,,,
CSF2,TLR2,,,,,,,,,,,,,,,,
SAA1,TLR2,,,,,,,,,,,,,,,,
VCAN,TLR2,,,,,,,,,,,,,,,,
DCN,TLR2,,,,,,,,,,,,,,,,
CYR61,TLR2,,,,,,,,,,,,,,,,
PRG4,TLR2,,,,,,,,,,,,,,,,
IL6,OXTR,,,1.0,,,,,,,,0.0,,,,,
IL6,AGT,,,0.0,,,,,,,,0.0,,,,,
IL6,MSR1,1.0,,,,,,,,0.0,,,,,,,
CSF1,MSR1,,,,,,,,,0.0,,,,,,,
ADIPOQ,MSR1,,,,,,,,,,,,,,,,
EGF,NRP1,,,,,,,,,,,,,0.0,,0.0,
HGF,NRP1,,,,,0.0,,0.0,,0.0,,0.0,,,,,
KDR,NRP1,0.0,,0.0,,,,,,,,,,,,,
L1CAM,NRP1,0.0,,0.0,,,,,,,,,,0.0,,0.0,
SEMA3C,NRP1,,,,,0.0,,0.0,,0.0,,0.0,,,,,
PGF,NRP1,,,,,0.0,,0.0,,0.0,,0.0,,,,,
SEMA3D,NRP1,,,,,,,,,0.0,,0.0,,,,,
CNTN2,NRP1,,,,,,,,,,,,,,,,
ALCAM,NRP1,,,,,,,,,,,,,0.0,,0.0,
EGF,PGR,,,,,,,,,,,,,,0.0,,
EGF,ANXA1,,,,,,,,,,,,,,0.0,0.0,
HGF,ANXA1,,,,,,0.0,0.0,,,0.0,0.0,,,,,
EGF,BSG,,,,,,,,,,,,,,0.0,,
IL1A,IL1R1,,,,,,,,,,,,,,,,
IL1B,IL1R1,,,,,,,,,,,,,,,,
IL12A,IL1R1,,,,,,,,,1.0,,0.0,,,,,
IL1RAP,IL1R1,,,,,0.01672826086956522,,0.0,,,,,,,,,
IL12B,IL1R1,,,,,,,,,,,,,,,,
IL1RN,IL1R1,,,,,,,,,,,,,,,,
IL1A,IL1RAP,,,,,,,,,,,,,,,,
IL1B,IL1RAP,,,,,,,,,,,,,,,,
IL1RN,IL1RAP,,,,,,,,,,,,,,,,
IL33,IL1RAP,,,,,,0.0,,,,0.0,,,,,,
IL1A,IL1R2,,,,,,,,,,,,,,,,
IL1B,IL1R2,,,,,,,,,,,,,,,,
IL1RN,IL1R2,,,,,,,,,,,,,,,,
IL1A,PLAU,,,,,,,,,,,,,,,,
CSF2,PLAU,1.0,,0.0,1.0,,,,,1.0,,0.0,1.0,,,,
HGF,PLAU,,,,,1.0,,0.0,1.0,0.0,,0.0,0.0,,,,
TNF,PLAU,0.0,,0.0,1.0,,,,,,,,,,,,
LIF,PLAU,,,,,,,,,0.0,,0.0,0.0,,,,
BDNF,PLAU,,,,,,,,,0.0,,0.0,1.0,,,,
VTN,PLAU,,,,,,,,,0.0,,0.0,0.0,,,,
FGFR4,PLAU,,,,,,,,,0.0,,0.0,1.0,,,,
PLAUR,PLAU,,,,,0.0,,0.0,0.0,,,,,,,,
SPP1,PLAU,,,,,,,,,,,,,,,,
IL1A,C3,,,,,,,,,,,,,,,,
CD40LG,C3,,,0.0,,,,,,,,,,,,,
IL2,C3,,,0.0,,,,,,,,,,,,,
C4B,C3,,,0.0,,,,,,,,0.0,,,,,
PDGFB,LRP1,,,0.0,,,,,,,,,,,,,
MDK,LRP1,,,,,,,,,,,0.0,,,,,
THBS1,LRP1,,,,,,,0.0,,,,0.0,,,,,
CTGF,LRP1,,,,,,,0.0,,,,0.0,,,,,
VWF,LRP1,,,0.0,,,,,,,,,,,,,
APOA1,LRP1,,,,,,,0.0,,,,0.0,,,,,
APOE,LRP1,,,,,,,0.0,,,,0.0,,,,,
LGALS9,LRP1,,,0.0,,,,,,,,0.0,,,,,
PF4,LRP1,,,0.0,,,,,,,,,,,,,
CD40LG,ITGAM,,,,,,,,,,,,,,,,
IL2,ITGAM,,,,,,,,,,,,,,,,
KNG1,ITGAM,,,,,,,,,,,,,,,,
HP,ITGAM,,,,,,,,,,,,,,,,
CTGF,ITGAM,,,,,,,,,,,,,,,,
ICAM4,ITGAM,,,,,,,,,,,,,,,,
CYR61,ITGAM,,,,,,,,,,,,,,,,
ICAM2,ITGAM,,,,,,,,,,,,,,,,
SPON2,ITGAM,,,,,,,,,,,,,,,,
CD40LG,ITGA2B,,,,0.0,,,,,,,,,,,,
CTGF,ITGA2B,,,,,,,,0.0,,,,0.0,,,,
CYR61,ITGA2B,,,,,,,,0.0,,,,0.0,,,,
CD40LG,ITGB1,0.0,0.0,0.0,,,,,,,,,,,,,
ANGPT2,ITGB1,0.0,0.0,0.0,,,,,,0.0285,0.0,0.0,,,,,
CTGF,ITGB1,,,,,0.0,0.0,0.0,,0.0,0.0,0.0,,,,,
ANGPTL4,ITGB1,0.06564454976303317,0.0,0.0,,1.0,0.0,0.02214388489208633,,0.0,0.0,0.0,,,,,
EDIL3,ITGB1,0.0,0.0,0.0,,,,,,,,,,,,,
CD40LG,CD80,,,,,,,,,,,,,,,,
CCL22,CD80,,,,,,,,,,,,,,,,
CD274,CD80,,,,,,,,,,,,,,,,
CD8A,CD80,,,,,,,,,,,,,,,,
CD40LG,CD47,0.0,,0.0,,,,,,,,,,,,,
VTN,CD47,,,,,,,,,0.0,,0.0,,,,,
THBS1,CD47,,,,,0.0,,0.0,,0.0,,0.0,,,,,
THBS2,CD47,,,,,,,,,0.0,,0.0,,,,,
LGALS9,CD47,0.0,,0.0,,,,,,0.0,,0.0,,,,,
THBS4,CD47,,,,,,,,,0.0,,0.0,,,,,
CD40LG,CD83,0.0,,,,,,,,,,,,,,,
TNF,CD83,0.0,,,,,,,,,,,,,,,
IL2,CD83,0.0,,,,,,,,,,,,,,,
CD40LG,IGHM,0.0,,,,,,,,,,,,,,,
IL4,TNFRSF17,0.0,,,,,,,,,,,,,,,
IL1B,TNFRSF17,,,,,,,,,,,,,,,,
LTA,EDNRA,,,0.0,,,,,,,,,,,,,
AGT,EDNRA,,,,,,,,,,,0.0,,,,,
EDN1,EDNRA,,,,,,,0.0,,,,,,,,0.0,
EDN2,EDNRA,,,,,,,0.0,,,,,,,,0.0,
EDN3,EDNRA,,,,,,,,,,,0.0,,,,0.0,
TNC,EDNRA,,,,,,,,,,,,,,,,
NRG1,GPC1,,,,,0.0,,0.0,,,,,,,,,
SHH,GPC1,,,,,0.0,,0.0,,,,,,,,,
BMP2,GPC1,1.0,,1.0,,1.0,,1.0,,0.0,,0.0,,,,,
NRG1,MS4A4A,,,,,0.0,,,,,,,,,,,
NGF,NGFR,,,,,,,,,,0.0,0.0,,,,,
IL2,NGFR,,0.0,0.0,,,,,,,,,,,,,
BDNF,NGFR,,,,,,,,,,0.0,0.0,,,,,
NTS,NGFR,,,,,,,,,,,,,,,,
TTR,NGFR,,,,,,,,,,,,,,,,
NGF,SORCS2,,,,,,,,,,0.0,,,,,,
NGF,MAGED1,,,,,,,,,,0.0,0.0,0.0,,,,
IL4,IL13RA2,,,0.3210184049079755,0.0,,,,,,,,,,,,
TNFSF9,IL13RA2,,,,,,,,,,,0.0,0.0,,,,
IL13,IL13RA2,,,,,,,,,,,,,,,,
IL4,IL12RB1,0.0,,,,,,,,,,,,,,,
IL1B,IL12RB1,,,,,,,,,,,,,,,,
IL12A,IL12RB1,,,,,,,,,0.0,,,,,,,
IL12B,IL12RB1,,,,,,,,,,,,,,,,
IL4,IL12A,,,0.0192375,,,,,,,,,,,,,
IL1B,IL12A,,,,,,,,,,,,,,,,
IL4,SELP,0.0,,,,,,,,,,,,,,,
VWF,SELP,0.0,,,,,,,,,,,,,,,
VCAN,SELP,,,,,,,,,0.0,,,,,,,
CD34,SELP,0.0,,,,,,,,0.0,,,,,,,
IL4,IL2RA,0.0,,,,,,,,,,,,,,,
IL2,IL2RA,0.0,,,,,,,,,,,,,,,
IL1RN,IL2RA,,,,,,,,,,,,,,,,
CD8A,IL2RA,,,,,,,,,,,,,,,,
GZMA,F2RL1,,0.0,,0.0,,,,,,,,,,,,
TNF,F2RL1,,0.0,,0.0,,,,,,,,,,,,
CTGF,F2RL1,,,,,,0.0,,0.0,,0.0,,0.0,,,,
PRSS2,F2RL1,,,,,,,,,,,,,,,,
GZMA,RYR2,,,0.0,0.0,,,,,,,,,,,,
TG,RYR2,,,,,,,,,,,,,,,,
GSTM2,RYR2,,,,,,,0.0,0.0,,,0.0,0.0,,,0.0,0.0
PF4,PROCR,0.0,,0.0,,,,,,,,,,,,,
HBEGF,PRLR,,,,,,,,0.0,,,,,,,,
CSF1,CSF3R,,,,,,,,,,,,,,,,
CSF3,CSF3R,,,,,,,,,,,,,,,,
CSF2,CSF3R,,,,,,,,,,,,,,,,
CD80,CD3D,,,,,,,,,,,,,,,,
APOD,LEPR,,,,,,,,,0.0,,0.0,,,,,
IL5,IL5RA,,,,,,,,,,,,,,,,
CSF1,ITGAV,,,,,,,,,,0.0,0.0,,,,,
PDGFB,ITGAV,,0.0,0.0,,,,,,,,,,,,,
CXCL12,ITGAV,,0.0,0.028677018633540375,,,,,,,0.0,0.0,,,,,
RELN,ITGAV,,0.0,0.0,,,,,,,,,,,,,
LAMB1,ITGAV,,,,,,0.0,0.7852040816326531,,,0.0,0.0,,,,,
LAMA4,ITGAV,,0.0,1.0,,,,,,,0.0,0.0,,,,,
LAMC2,ITGAV,,,,,,0.0,0.0,,,,,,,,,
NID1,ITGAV,,,,,,,,,,0.0,0.0,,,,,
COL6A3,ITGAV,,,,,,,,,,0.0,0.0,,,,,
LAMA3,ITGAV,,,,,,0.0,0.0,,,,,,,,,
LAMC3,ITGAV,,,,,,,,,,0.0,0.0,,,,,
LAMA2,ITGAV,,,,,,,,,,0.0,0.0,,,,,
AZGP1,ITGAV,,,,,,,,,,,,,,0.0,0.0,
CHAD,ITGAV,,0.0,0.0,,,,,,,,,,,0.0,0.12150000000000001,
COL6A6,ITGAV,,,,,,,,,,0.0,0.0,,,,,
CSF3,IGHG3,,,,,,,,,,,,,,,,
CSF2,CDH11,,,0.0,,,,,,,,0.0,,,,,
TNF,CDH11,,,0.0,,,,,,,,,,,,,
BMP2,CDH11,,,0.0,,,,0.0,,,,0.0,,,,,
CALCA,CDH11,,,0.0,,,,,,,,,,,,,
ANGPTL4,CDH11,,,0.0,,,,0.0,,,,0.0,,,,,
CSF2,CD86,0.0,,,,,,,,0.0,,,,,,,
CD8A,CD86,,,,,,,,,,,,,,,,
HGF,SPHK1,,,,,,1.0,0.0,,,0.0,0.0,,,,,
TNF,SPHK1,,0.0,0.0,,,,,,,,,,,,,
TGFB2,SPHK1,,,,,,1.0,0.0,,,0.0,0.0,,,,,
PDGFA,SPHK1,,,,,,0.0,0.0,,,,,,,,,
PDGFB,SPHK1,,0.0,0.0,,,,,,,,,,,,,
TGFB2,ACVR1C,,,,,,1.0,,1.0,,0.0,,0.0,,,,
TGFB2,ACVR1,,,,,,1.0,1.0,,,0.0,0.0,,,,,
ANGPT1,ITGAV,,,,,,0.0,0.0,,,0.0,0.0,,,,,
COL6A5,ITGAV,,,,,,,,,,0.0,0.0,,,,,
TNF,ICOS,0.0,,,,,,,,,,,,,,,
TNF,SEMA4C,0.0,,0.0,,,,,,,,,,,,,
TNF,MYLK,,,0.0,,,,,,,,,,,,,
CALML3,MYLK,,,,,,,0.0,,,,,,,,0.0,
TNFSF9,TNFRSF9,,,,,,,,,,,,,,,,
IL2,TNFRSF9,,,,,,,,,,,,,,,,
SHH,HHIP,,,,,,,0.0,,,,,,,,,
IHH,HHIP,,,,,,,,,,,,,,,0.0,
SHH,GAS1,,,,,,,0.0,,,,,,,,,
SHH,SCUBE2,,,,,,,0.0,,,,,,,,,
CXCL12,ACKR3,1.0,1.0,0.0,,,,,,0.0,0.0,0.0,,,,,
TFF3,ACKR3,,,,,,,,,,,,,,,,
CD80,CD8A,,,,,,,,,,,,,,,,
IL2,TNFRSF18,0.0,,,,,,,,,,,,,,,
TNFSF18,TNFRSF18,,,,,,,,,,,,,,,,
BMP2,BMPR2,1.0,1.0,0.0,,1.0,1.0,0.0,,0.0,0.0,0.0,,,,,
BMP6,BMPR2,1.0,1.0,0.0,,,,,,0.0,0.0,0.0,,,,,
BMP4,BMPR2,1.0,1.0,0.0,,,,,,0.0,0.0,0.0,,,,,
BMP5,BMPR2,,,,,,,,,0.0,0.04294883720930233,0.0,,,,,
GDF10,BMPR2,,,,,,,,,0.0,0.0,0.0,,,,,
GDF3,BMPR2,,,,,,,,,,,,,,,,
FST,BMPR2,,,,,,,,,0.0,0.0,0.0,,,,,
BMP1,BMPR2,,,,,,,,,0.0,0.0,0.0,,,,,
BMP3,BMPR2,,,,,0.0,0.0,0.0,,1.0,1.0,0.0,,1.0,1.0,0.0,
BMP2,BMPR1B,,,,0.0,,,,0.0,,,,0.0,,,,
BMP6,BMPR1B,,,,0.0,,,,,,,,0.0,,,,
BMP4,BMPR1B,,,,0.0,,,,,,,,0.0,,,,
BMP5,BMPR1B,,,,,,,,,,,,0.0,,,,
GDF10,BMPR1B,,,,,,,,,,,,0.0,,,,
GDF3,BMPR1B,,,,,,,,,,,,,,,,
FST,BMPR1B,,,,,,,,,,,,0.0,,,,
BMP1,BMPR1B,,,,,,,,,,,,0.0,,,,
BMP3,BMPR1B,,,,,,,,0.0,,,,0.0,,,,0.0
BMP2,ACVR1,,0.74925,0.0,,,1.0,0.4139379310344828,,,0.0,0.0,,,,,
INHBA,ACVR1,,,,,,,,,,,,,,,,
BMP6,ACVR1,,0.021375,0.0,,,,,,,0.0,0.0,,,,,
BMP4,ACVR1,,0.12312000000000001,0.0,,,,,,,0.0,0.0,,,,,
INHBB,ACVR1,,0.0,0.0,,,,,,,0.0,0.0,,,,,
INHA,ACVR1,,,,,,0.0,0.0,,,0.0,0.0,,,,,
BMP5,ACVR1,,,,,,,,,,0.0,0.0,,,,,
BMP3,ACVR1,,,,,,0.0,0.0,,,0.0,0.0,,,0.0,0.0,
BMP4,PDCD1,,,,,,,,,,,,,,,,
CD274,PDCD1,,,,,,,,,,,,,,,,
FAM3C,LAMP1,,,,,,,0.0,,,,,,,,,
LGALS1,CD69,,,,,,,,,0.0,,,,,,,
S100A8,CD69,,,,,,,,,,,,,,,,
MYL9,CD69,,,,,,,,,0.0,,,,,,,
HHIP,SHH,,,,,,,,,,0.0,,,,,,
OSM,PLAT,,,,,,,,,,,,,,,,
TGFB2,PLAT,,,,,,,0.0,,,,0.0,,,,,
TGFB2,GREM1,,,,,,,,,,,,,,,,
INHBA,ACVR1C,,,,,,,,,,,,,,,,
INHBB,ACVR1C,,1.0,,0.6156,,,,,,0.0,,0.0,,,,
INHA,ACVR1C,,,,,,0.0,,0.0,,0.028901408450704227,,0.0,,,,
GDF10,ACVR1C,,,,,,,,,,0.0,,0.0,,,,
GDF3,ACVR1C,,,,,,,,,,,,,,,,
INHBA,BAMBI,,,,,,,,,,,,,,,,
INHBB,BAMBI,0.6777247706422019,1.0,0.0,,,,,,0.0,0.0,0.0,,,,,
MDK,PTPRB,,,,,,,,,0.0,,,,,,,
PTN,PTPRB,,,,,,,,,0.0,,,,,,,
TNC,PTPRB,,,,,,,,,,,,,,,,
RSPO3,LGR5,,,,,,,,,,,0.0,,,,,
GDNF,GFRA1,,,,,,,,,,0.0,0.0,,,,,
GDNF,GFRA3,,,,,,,,,,,,,,,,
GDNF,EDNRB,,,,,,,,,0.0,,,,,,,
EDN1,EDNRB,,,,,0.0,,,,,,,,0.0,,,
EDN2,EDNRB,,,,,0.0,,,,,,,,0.0,,,
EDN3,EDNRB,,,,,,,,,0.0,,,,0.0,,,
IL5,PTAFR,,,,,,,,,,,,,,,,
GDF3,TDGF1,,,,,,,,,,,,,,,,
MDK,TSPAN1,,,,,,,,,,,,0.0,,,,
MDK,ITGA4,,,,,,,,,0.0,,,,,,,
CXCL12,ITGA4,0.0,,,,,,,,0.0,,,,,,,
VEGFD,ITGA4,,,,,,,,,0.0,,,,,,,
RELN,ITGA4,0.0,,,,,,,,,,,,,,,
VTN,ITGA4,,,,,,,,,0.0,,,,,,,
THBS1,ITGA4,,,,,0.0,,,,0.0,,,,,,,
THBS2,ITGA4,,,,,,,,,0.0,,,,,,,
VWF,ITGA4,0.0,,,,,,,,,,,,,,,
VCAM1,ITGA4,0.0,,,,,,,,0.0,,,,,,,
VCAN,ITGA4,,,,,,,,,0.0,,,,,,,
LAMB1,ITGA4,,,,,0.0,,,,0.0,,,,,,,
LAMA4,ITGA4,0.007399038461538462,,,,,,,,0.0,,,,,,,
LAMC2,ITGA4,,,,,0.0,,,,,,,,,,,
TNC,ITGA4,,,,,,,,,,,,,,,,
COL6A3,ITGA4,,,,,,,,,0.0,,,,,,,
LAMA3,ITGA4,,,,,0.0,,,,,,,,,,,
ICAM4,ITGA4,,,,,,,,,,,,,,,,
LAMC3,ITGA4,,,,,,,,,0.0,,,,,,,
SPP1,ITGA4,,,,,,,,,,,,,,,,
LAMA2,ITGA4,,,,,,,,,0.0,,,,,,,
CHAD,ITGA4,0.0,,,,,,,,,,,,0.0,,,
SPON2,ITGA4,,,,,0.0,,,,0.0,,,,,,,
COL6A6,ITGA4,,,,,,,,,0.0,,,,,,,
THBS4,ITGA4,,,,,,,,,0.0,,,,,,,
CYR61,ITGB1,,,,,0.0,0.0,0.0,,0.0,0.0,0.0,,,,,
AFDN,NECTIN2,,0.0,,0.0,,0.0,,0.0,,,,,,0.0,,0.0
VTN,NECTIN2,,,,,,,,,,0.0,,0.0,,,,
AFDN,NRXN3,,,,,,,,,,,,,,,,
CXCL12,AVPR1A,,,0.0,,,,,,,,0.0,,,,,
ADM,RAMP2,,,,,0.0,,0.0,,0.0,,0.0,,,,,
CALCA,RAMP2,0.0,,0.0,,,,,,,,,,,,,
CALCB,RAMP2,,,,,,,,,,,,,,,,
IAPP,RAMP2,,,,,0.0,,0.0,,0.0,,0.0,,0.0,,0.0,
GHRH,RAMP2,,,,,,,,,,,,,,,,
PTHLH,RAMP2,0.0,,0.0,,0.0,,0.0,,0.0,,0.0,,,,,
SCT,RAMP2,,,,,,,,,0.0,,0.0,,,,,
ADM,RAMP3,,,,,0.0,,,,0.0,,,,,,,
CALCA,RAMP3,0.0,,,,,,,,,,,,,,,
CALCB,RAMP3,,,,,,,,,,,,,,,,
IAPP,RAMP3,,,,,0.0,,,,0.0,,,,0.0,,,
GHRH,RAMP3,,,,,,,,,,,,,,,,
PTHLH,RAMP3,0.0,,,,0.0,,,,0.0,,,,,,,
SCT,RAMP3,,,,,,,,,0.0,,,,,,,
ADM,RAMP1,,,,,0.0,,,,0.0,,,,,,,
CALCA,RAMP1,0.0,,,,,,,,,,,,,,,
CALCB,RAMP1,,,,,,,,,,,,,,,,
IAPP,RAMP1,,,,,0.0,,,,0.0,,,,0.0,,,
ADM,ADRB3,,,,,,0.0,0.0,,,0.0,0.0,,,,,
CALCA,ADRB3,,0.0,0.0,,,,,,,,,,,,,
CALCB,ADRB3,,,,,,,,,,,,,,,,
IAPP,ADRB3,,,,,,0.0,0.0,,,0.0,0.0,,,0.0,0.0,
GHRH,ADRB3,,,,,,,,,,,,,,,,
PTHLH,ADRB3,,0.0,0.0,,,0.061560000000000004,0.38475,,,0.0,0.0,,,,,
SCT,ADRB3,,,,,,,,,,0.0,0.0,,,,,
ADM,GPR20,,,,,,,0.0,,,,0.0,,,,,
CALCA,GPR20,,,0.0,,,,,,,,,,,,,
CALCB,GPR20,,,,,,,,,,,,,,,,
IAPP,GPR20,,,,,,,0.0,,,,0.0,,,,0.0,
GHRH,GPR20,,,,,,,,,,,,,,,,
PTHLH,GPR20,,,0.0,,,,0.032978571428571433,,,,0.0,,,,,
SCT,GPR20,,,,,,,,,,,0.0,,,,,
APLN,APLNR,,,,,,,,,,,,,,,,
APELA,APLNR,,,,,,,,,,,,,,,,
KNG1,BDKRB1,,,,,,,,,,,,,,,,
KNG1,CD93,,,,,,,,,,,,,,,,
MMRN2,CD93,0.0,,,,,,,,,,,,,,,
EDN1,ADGRL4,,,,,0.0,,,,,,,,0.0,,,
EDN1,CYSLTR1,,,,,0.0,,,,,,,,0.0,,,
VEGFD,NRP2,,,,,,,,,0.0,,0.0,,,,,
SEMA3C,NRP2,,,,,0.0,,0.0,,0.0,,0.0,,,,,
PGF,NRP2,,,,,0.0,,1.0,,0.0,,0.0,,,,,
SEMA3G,NRP2,0.0,,1.0,,,,,,,,,,,,,
NRP1,FLT4,0.0,,,,,,,,0.0,,,,,,,
VEGFD,ITGA2,,,,,,,,,,0.0,,,,,,
RELN,ITGA2,,0.0,,,,,,,,,,,,,,
VTN,ITGA2,,,,,,,,,,0.0,,,,,,
THBS1,ITGA2,,,,,,0.0,,,,0.0,,,,,,
THBS2,ITGA2,,,,,,,,,,0.0,,,,,,
VWF,ITGA2,,0.0,,,,,,,,,,,,,,
LAMB1,ITGA2,,,,,,0.0,,,,0.0,,,,,,
LAMA4,ITGA2,,0.0,,,,,,,,0.0,,,,,,
LAMC2,ITGA2,,,,,,0.0,,,,,,,,,,
TNC,ITGA2,,,,,,,,,,,,,,,,
COL6A3,ITGA2,,,,,,,,,,0.0,,,,,,
LAMA3,ITGA2,,,,,,0.0,,,,,,,,,,
LAMC3,ITGA2,,,,,,,,,,0.0,,,,,,
SPP1,ITGA2,,,,,,,,,,,,,,,,
LAMA2,ITGA2,,,,,,,,,,0.0,,,,,,
CHAD,ITGA2,,0.0,,,,,,,,,,,,0.0,,
COL6A6,ITGA2,,,,,,,,,,0.0,,,,,,
THBS4,ITGA2,,,,,,,,,,0.0,,,,,,
SAA1,SCARB1,,,,,,,,,,,,,,,,
THBS1,SCARB1,,,,,0.0,,,,0.0,,,,,,,
APOE,SCARB1,,,,,0.0,,,,0.0,,,,,,,
GAL,GALR2,,,,,,,,,,,,,,,,
IL17B,IL17RB,,,,,,0.1598961038961039,,,,0.0,,,,,,
IL33,IL1RL1,,,,,,,,,,,,,,,,
PROK2,PROKR1,,,,,,,,,,,,,,,,
NPY,NPY1R,,,,,,,,,,,0.0,,,,,
PYY,NPY1R,,,,,,,,,,,,,,,,
NPY,NPY6R,,,,,,,,,,,,,,,,
PYY,NPY6R,,,,,,,,,,,,,,,,
NPY,GPR83,,,,,,,,,,,,0.0,,,,
PYY,GPR83,,,,,,,,,,,,,,,,
RLN1,RXFP1,,,,,,,,,,,,,,,,
HP,CD163,,,,,,,,,0.0,,,,,,,
PF4,CD163,0.0,,,,,,,,,,,,,,,
L1CAM,ITGA4,0.0,,,,,,,,,,,,0.0,,,
COL6A5,ITGB1,,,,,,,,,0.0,0.0,0.0,,,,,
RELN,ITGA8,,0.0,0.0,,,,,,,,,,,,,
VTN,ITGA8,,,,,,,,,,0.0,0.0,,,,,
THBS1,ITGA8,,,,,,0.0,0.0,,,0.0,0.0,,,,,
THBS2,ITGA8,,,,,,,,,,0.0,0.0,,,,,
VWF,ITGA8,,0.0,0.0,,,,,,,,,,,,,
LAMB1,ITGA8,,,,,,0.42858227848101266,0.0,,,0.0,0.0,,,,,
LAMA4,ITGA8,,1.0,0.0,,,,,,,0.0,0.0,,,,,
LAMC2,ITGA8,,,,,,0.0,0.0,,,,,,,,,
TNC,ITGA8,,,,,,,,,,,,,,,,
COL6A3,ITGA8,,,,,,,,,,0.0,0.0,,,,,
LAMA3,ITGA8,,,,,,0.0,0.0,,,,,,,,,
LAMC3,ITGA8,,,,,,,,,,0.0,0.0,,,,,
SPP1,ITGA8,,,,,,,,,,,,,,,,
LAMA2,ITGA8,,,,,,,,,,0.0,0.0,,,,,
CHAD,ITGA8,,0.0,0.0,,,,,,,,,,,0.12825,0.0,
COL6A6,ITGA8,,,,,,,,,,0.0,0.0,,,,,
THBS4,ITGA8,,,,,,,,,,0.0,0.0,,,,,
PF4,THBD,0.0,,0.0,,,,,,,,,,,,,
FGFR4,PTPRR,,,,,,,,,0.0,,,,,,,
HP,ASGR1,,,,,,,,,,,,0.0,,,,
TG,ASGR1,,,,,,,,,,,,,,,,
SEMA3C,PLXNA2,,,,,0.0,,0.0,,0.0,,0.0,,,,,
SEMA3D,PLXNA2,,,,,,,,,0.0,,0.0,,,,,
SEMA3D,NRP2,,,,,,,,,0.0,,0.0,,,,,
SEMA3G,PLXNA2,0.0,,0.0,,,,,,,,,,,,,
ADIPOQ,WIF1,,,,,,,,,,,,,,,,
OLFM2,ROBO2,,,,,,,,,,0.0,0.0,,,,,
SLIT3,ROBO2,,,,,,,,,,0.0,0.0,,,,,
SLIT3,ROBO4,,,,,,,,,0.0,,,,,,,
VWF,SCARA5,,,0.0,,,,,,,,,,,,,
APOE,TREM2,,,,,0.0,,,,0.0,,,,,,,
SLURP1,CHRNA1,,,,,,,,,,,,,,,,
LGALS9,HAVCR2,0.0,,,,,,,,0.0,,,,,,,
LGALS9,MRC2,,,0.0,,,,,,,,0.0,,,,,
LGALS9,COLEC12,,,0.0,,,,,,,,0.0,,,,,
VCAN,SELL,,,,,,,,,,,,,,,,
CD34,SELL,,,,,,,,,,,,,,,,
PCSK1N,GPR171,,,,,0.0,,,,0.0,,,,,,,
COL6A5,ITGA2,,,,,,,,,,0.0,,,,,,
LAMB1,SV2C,,,,,,,0.08670422535211268,1.0,,,0.0,0.0,,,,
LAMA4,SV2C,,,0.8445731707317073,1.0,,,,,,,0.0,0.0,,,,
LAMC2,SV2C,,,,,,,0.0,0.0,,,,,,,,
LAMA3,SV2C,,,,,,,0.0,0.0,,,,,,,,
LAMC3,SV2C,,,,,,,,,,,0.0,0.0,,,,
LAMA2,SV2C,,,,,,,,,,,0.0,0.0,,,,
LAMB1,PRNP,,,,,1.0,0.0,0.0,,0.0,0.0,0.0,,,,,
LAMA4,PRNP,1.0,0.0,0.0,,,,,,0.0,0.0,0.0,,,,,
LAMC2,PRNP,,,,,0.0,0.0,0.0,,,,,,,,,
LAMA3,PRNP,,,,,0.0,0.0,0.0,,,,,,,,,
LAMC3,PRNP,,,,,,,,,0.0,0.0,0.0,,,,,
LAMA2,PRNP,,,,,,,,,0.0,0.0,0.0,,,,,
SLURP1,CHRNB1,,,,,,,,,,,,,,,,
SLURP1,CHRNB4,,,,,,,,,,,,,,,,
SLURP1,CHRNA2,,,,,,,,,,,,,,,,
MIA,CDH19,,,,,0.0,,,,,,,,,,,
S100B,AGER,,,0.0,,,,,,,,,,,,,
S100A8,AGER,,,,,,,,,,,,,,,,
S100A9,AGER,,,,,,,,,,,,,,,,
SCGB3A1,MARCO,,,,,,,,,,,,,,,,
ANGPTL4,GPIHBP1,0.0,,,,0.0,,,,0.0,,,,,,,
CNTN2,CNTN2,,,,,,,,,,,,,,,,
S100A8,CD68,,,,,,,,,,,,,,,,
S100A9,CD68,,,,,,,,,,,,,,,,
SFTPD,LAIR1,,,,,,,,,,,,,,,,
S100A4,PGLYRP1,,,,,,,,,,,,,,,,
ALCAM,CD6,,,,,,,,,,,,,,,,
ALCAM,CHL1,,,,,,,,,,,,,,,,
CFP,NCR1,0.0,,,,,,,,,,,,,,,
PGLYRP1,TREM1,,,,,,,,,,,,,,,,
LGI2,ADAM23,,,,,,,,,,,0.0,0.0,,,,
LGI4,ADAM23,,,0.114,0.0,,,,,,,0.0,0.0,,,,
MMRN2,CD248,,,0.0,,,,,,,,,,,,,
MMRN2,CLEC14A,0.0,,,,,,,,,,,,,,,
